ID,Age Group,Race and Hispanic Origin Group
1,1,1
2,2,1
3,3,1
4,4,1
5,5,1
6,6,1
7,7,1
8,8,1
9,9,1
10,10,1
11,11,1
12,12,1
13,13,1
14,14,1
15,15,1
16,1,2
17,2,2
18,3,2
19,4,2
20,5,2
21,6,2
22,7,2
23,8,2
24,9,2
25,10,2
26,11,2
27,12,2
28,13,2
29,14,2
30,15,2
31,1,3
32,2,3
33,3,3
34,4,3
35,5,3
36,6,3
37,7,3
38,8,3
39,9,3
40,10,3
41,11,3
42,12,3
43,13,3
44,14,3
45,15,3
46,1,4
47,2,4
48,3,4
49,4,4
50,5,4
51,6,4
52,7,4
53,8,4
54,9,4
55,10,4
56,11,4
57,12,4
58,13,4
59,14,4
60,15,4
61,1,5
62,2,5
63,3,5
64,4,5
65,5,5
66,6,5
67,7,5
68,8,5
69,9,5
70,10,5
71,11,5
72,12,5
73,13,5
74,14,5
75,15,5
76,1,6
77,2,6
78,3,6
79,4,6
80,5,6
81,6,6
82,7,6
83,8,6
84,9,6
85,10,6
86,11,6
87,12,6
88,13,6
89,14,6
90,15,6
91,1,7
92,2,7
93,3,7
94,4,7
95,5,7
96,6,7
97,7,7
98,8,7
99,9,7
100,10,7
101,11,7
102,12,7
103,13,7
104,14,7
105,15,7
106,1,8
107,2,8
108,3,8
109,4,8
110,5,8
111,6,8
112,7,8
113,8,8
114,9,8
115,10,8
116,11,8
117,12,8
118,13,8
119,14,8
120,15,8
121,1,1
122,2,1
123,3,1
124,4,1
125,5,1
126,6,1
127,7,1
128,8,1
129,9,1
130,10,1
131,11,1
132,12,1
133,13,1
134,14,1
135,15,1
136,1,2
137,2,2
138,3,2
139,4,2
140,5,2
141,6,2
142,7,2
143,8,2
144,9,2
145,10,2
146,11,2
147,12,2
148,13,2
149,14,2
150,15,2
151,1,3
152,2,3
153,3,3
154,4,3
155,5,3
156,6,3
157,7,3
158,8,3
159,9,3
160,10,3
161,11,3
162,12,3
163,13,3
164,14,3
165,15,3
166,1,4
167,2,4
168,3,4
169,4,4
170,5,4
171,6,4
172,7,4
173,8,4
174,9,4
175,10,4
176,11,4
177,12,4
178,13,4
179,14,4
180,15,4
181,1,5
182,2,5
183,3,5
184,4,5
185,5,5
186,6,5
187,7,5
188,8,5
189,9,5
190,10,5
191,11,5
192,12,5
193,13,5
194,14,5
195,15,5
196,1,6
197,2,6
198,3,6
199,4,6
200,5,6
201,6,6
202,7,6
203,8,6
204,9,6
205,10,6
206,11,6
207,12,6
208,13,6
209,14,6
210,15,6
211,1,7
212,2,7
213,3,7
214,4,7
215,5,7
216,6,7
217,7,7
218,8,7
219,9,7
220,10,7
221,11,7
222,12,7
223,13,7
224,14,7
225,15,7
226,1,8
227,2,8
228,3,8
229,4,8
230,5,8
231,6,8
232,7,8
233,8,8
234,9,8
235,10,8
236,11,8
237,12,8
238,13,8
239,14,8
240,15,8
241,1,1
242,2,1
243,3,1
244,4,1
245,5,1
246,6,1
247,7,1
248,8,1
249,9,1
250,10,1
251,11,1
252,12,1
253,13,1
254,14,1
255,15,1
256,1,2
257,2,2
258,3,2
259,4,2
260,5,2
261,6,2
262,7,2
263,8,2
264,9,2
265,10,2
266,11,2
267,12,2
268,13,2
269,14,2
270,15,2
271,1,3
272,2,3
273,3,3
274,4,3
275,5,3
276,6,3
277,7,3
278,8,3
279,9,3
280,10,3
281,11,3
282,12,3
283,13,3
284,14,3
285,15,3
286,1,4
287,2,4
288,3,4
289,4,4
290,5,4
291,6,4
292,7,4
293,8,4
294,9,4
295,10,4
296,11,4
297,12,4
298,13,4
299,14,4
300,15,4
301,1,5
302,2,5
303,3,5
304,4,5
305,5,5
306,6,5
307,7,5
308,8,5
309,9,5
310,10,5
311,11,5
312,12,5
313,13,5
314,14,5
315,15,5
316,1,6
317,2,6
318,3,6
319,4,6
320,5,6
321,6,6
322,7,6
323,8,6
324,9,6
325,10,6
326,11,6
327,12,6
328,13,6
329,14,6
330,15,6
331,1,7
332,2,7
333,3,7
334,4,7
335,5,7
336,6,7
337,7,7
338,8,7
339,9,7
340,10,7
341,11,7
342,12,7
343,13,7
344,14,7
345,15,7
346,1,8
347,2,8
348,3,8
349,4,8
350,5,8
351,6,8
352,7,8
353,8,8
354,9,8
355,10,8
356,11,8
357,12,8
358,13,8
359,14,8
360,15,8
361,1,1
362,2,1
363,3,1
364,4,1
365,5,1
366,6,1
367,7,1
368,8,1
369,9,1
370,10,1
371,11,1
372,12,1
373,13,1
374,14,1
375,15,1
376,1,2
377,2,2
378,3,2
379,4,2
380,5,2
381,6,2
382,7,2
383,8,2
384,9,2
385,10,2
386,11,2
387,12,2
388,13,2
389,14,2
390,15,2
391,1,3
392,2,3
393,3,3
394,4,3
395,5,3
396,6,3
397,7,3
398,8,3
399,9,3
400,10,3
401,11,3
402,12,3
403,13,3
404,14,3
405,15,3
406,1,4
407,2,4
408,3,4
409,4,4
410,5,4
411,6,4
412,7,4
413,8,4
414,9,4
415,10,4
416,11,4
417,12,4
418,13,4
419,14,4
420,15,4
421,1,5
422,2,5
423,3,5
424,4,5
425,5,5
426,6,5
427,7,5
428,8,5
429,9,5
430,10,5
431,11,5
432,12,5
433,13,5
434,14,5
435,15,5
436,1,6
437,2,6
438,3,6
439,4,6
440,5,6
441,6,6
442,7,6
443,8,6
444,9,6
445,10,6
446,11,6
447,12,6
448,13,6
449,14,6
450,15,6
451,1,7
452,2,7
453,3,7
454,4,7
455,5,7
456,6,7
457,7,7
458,8,7
459,9,7
460,10,7
461,11,7
462,12,7
463,13,7
464,14,7
465,15,7
466,1,8
467,2,8
468,3,8
469,4,8
470,5,8
471,6,8
472,7,8
473,8,8
474,9,8
475,10,8
476,11,8
477,12,8
478,13,8
479,14,8
480,15,8
481,1,1
482,2,1
483,3,1
484,4,1
485,5,1
486,6,1
487,7,1
488,8,1
489,9,1
490,10,1
491,11,1
492,12,1
493,13,1
494,14,1
495,15,1
496,1,2
497,2,2
498,3,2
499,4,2
500,5,2
501,6,2
502,7,2
503,8,2
504,9,2
505,10,2
506,11,2
507,12,2
508,13,2
509,14,2
510,15,2
511,1,3
512,2,3
513,3,3
514,4,3
515,5,3
516,6,3
517,7,3
518,8,3
519,9,3
520,10,3
521,11,3
522,12,3
523,13,3
524,14,3
525,15,3
526,1,4
527,2,4
528,3,4
529,4,4
530,5,4
531,6,4
532,7,4
533,8,4
534,9,4
535,10,4
536,11,4
537,12,4
538,13,4
539,14,4
540,15,4
541,1,5
542,2,5
543,3,5
544,4,5
545,5,5
546,6,5
547,7,5
548,8,5
549,9,5
550,10,5
551,11,5
552,12,5
553,13,5
554,14,5
555,15,5
556,1,6
557,2,6
558,3,6
559,4,6
560,5,6
561,6,6
562,7,6
563,8,6
564,9,6
565,10,6
566,11,6
567,12,6
568,13,6
569,14,6
570,15,6
571,1,7
572,2,7
573,3,7
574,4,7
575,5,7
576,6,7
577,7,7
578,8,7
579,9,7
580,10,7
581,11,7
582,12,7
583,13,7
584,14,7
585,15,7
586,1,8
587,2,8
588,3,8
589,4,8
590,5,8
591,6,8
592,7,8
593,8,8
594,9,8
595,10,8
596,11,8
597,12,8
598,13,8
599,14,8
600,15,8
601,1,1
602,2,1
603,3,1
604,4,1
605,5,1
606,6,1
607,7,1
608,8,1
609,9,1
610,10,1
611,11,1
612,12,1
613,13,1
614,14,1
615,15,1
616,1,2
617,2,2
618,3,2
619,4,2
620,5,2
621,6,2
622,7,2
623,8,2
624,9,2
625,10,2
626,11,2
627,12,2
628,13,2
629,14,2
630,15,2
631,1,3
632,2,3
633,3,3
634,4,3
635,5,3
636,6,3
637,7,3
638,8,3
639,9,3
640,10,3
641,11,3
642,12,3
643,13,3
644,14,3
645,15,3
646,1,4
647,2,4
648,3,4
649,4,4
650,5,4
651,6,4
652,7,4
653,8,4
654,9,4
655,10,4
656,11,4
657,12,4
658,13,4
659,14,4
660,15,4
661,1,5
662,2,5
663,3,5
664,4,5
665,5,5
666,6,5
667,7,5
668,8,5
669,9,5
670,10,5
671,11,5
672,12,5
673,13,5
674,14,5
675,15,5
676,1,6
677,2,6
678,3,6
679,4,6
680,5,6
681,6,6
682,7,6
683,8,6
684,9,6
685,10,6
686,11,6
687,12,6
688,13,6
689,14,6
690,15,6
691,1,7
692,2,7
693,3,7
694,4,7
695,5,7
696,6,7
697,7,7
698,8,7
699,9,7
700,10,7
701,11,7
702,12,7
703,13,7
704,14,7
705,15,7
706,1,8
707,2,8
708,3,8
709,4,8
710,5,8
711,6,8
712,7,8
713,8,8
714,9,8
715,10,8
716,11,8
717,12,8
718,13,8
719,14,8
720,15,8
721,1,1
722,2,1
723,3,1
724,4,1
725,5,1
726,6,1
727,7,1
728,8,1
729,9,1
730,10,1
731,11,1
732,12,1
733,13,1
734,14,1
735,15,1
736,1,2
737,2,2
738,3,2
739,4,2
740,5,2
741,6,2
742,7,2
743,8,2
744,9,2
745,10,2
746,11,2
747,12,2
748,13,2
749,14,2
750,15,2
751,1,3
752,2,3
753,3,3
754,4,3
755,5,3
756,6,3
757,7,3
758,8,3
759,9,3
760,10,3
761,11,3
762,12,3
763,13,3
764,14,3
765,15,3
766,1,4
767,2,4
768,3,4
769,4,4
770,5,4
771,6,4
772,7,4
773,8,4
774,9,4
775,10,4
776,11,4
777,12,4
778,13,4
779,14,4
780,15,4
781,1,5
782,2,5
783,3,5
784,4,5
785,5,5
786,6,5
787,7,5
788,8,5
789,9,5
790,10,5
791,11,5
792,12,5
793,13,5
794,14,5
795,15,5
796,1,6
797,2,6
798,3,6
799,4,6
800,5,6
801,6,6
802,7,6
803,8,6
804,9,6
805,10,6
806,11,6
807,12,6
808,13,6
809,14,6
810,15,6
811,1,7
812,2,7
813,3,7
814,4,7
815,5,7
816,6,7
817,7,7
818,8,7
819,9,7
820,10,7
821,11,7
822,12,7
823,13,7
824,14,7
825,15,7
826,1,8
827,2,8
828,3,8
829,4,8
830,5,8
831,6,8
832,7,8
833,8,8
834,9,8
835,10,8
836,11,8
837,12,8
838,13,8
839,14,8
840,15,8
841,1,1
842,2,1
843,3,1
844,4,1
845,5,1
846,6,1
847,7,1
848,8,1
849,9,1
850,10,1
851,11,1
852,12,1
853,13,1
854,14,1
855,15,1
856,1,2
857,2,2
858,3,2
859,4,2
860,5,2
861,6,2
862,7,2
863,8,2
864,9,2
865,10,2
866,11,2
867,12,2
868,13,2
869,14,2
870,15,2
871,1,3
872,2,3
873,3,3
874,4,3
875,5,3
876,6,3
877,7,3
878,8,3
879,9,3
880,10,3
881,11,3
882,12,3
883,13,3
884,14,3
885,15,3
886,1,4
887,2,4
888,3,4
889,4,4
890,5,4
891,6,4
892,7,4
893,8,4
894,9,4
895,10,4
896,11,4
897,12,4
898,13,4
899,14,4
900,15,4
901,1,5
902,2,5
903,3,5
904,4,5
905,5,5
906,6,5
907,7,5
908,8,5
909,9,5
910,10,5
911,11,5
912,12,5
913,13,5
914,14,5
915,15,5
916,1,6
917,2,6
918,3,6
919,4,6
920,5,6
921,6,6
922,7,6
923,8,6
924,9,6
925,10,6
926,11,6
927,12,6
928,13,6
929,14,6
930,15,6
931,1,7
932,2,7
933,3,7
934,4,7
935,5,7
936,6,7
937,7,7
938,8,7
939,9,7
940,10,7
941,11,7
942,12,7
943,13,7
944,14,7
945,15,7
946,1,8
947,2,8
948,3,8
949,4,8
950,5,8
951,6,8
952,7,8
953,8,8
954,9,8
955,10,8
956,11,8
957,12,8
958,13,8
959,14,8
960,15,8
961,1,1
962,2,1
963,3,1
964,4,1
965,5,1
966,6,1
967,7,1
968,8,1
969,9,1
970,10,1
971,11,1
972,12,1
973,13,1
974,14,1
975,15,1
976,1,2
977,2,2
978,3,2
979,4,2
980,5,2
981,6,2
982,7,2
983,8,2
984,9,2
985,10,2
986,11,2
987,12,2
988,13,2
989,14,2
990,15,2
991,1,3
992,2,3
993,3,3
994,4,3
995,5,3
996,6,3
997,7,3
998,8,3
999,9,3
1000,10,3
1001,11,3
1002,12,3
1003,13,3
1004,14,3
1005,15,3
1006,1,4
1007,2,4
1008,3,4
1009,4,4
1010,5,4
1011,6,4
1012,7,4
1013,8,4
1014,9,4
1015,10,4
1016,11,4
1017,12,4
1018,13,4
1019,14,4
1020,15,4
1021,1,5
1022,2,5
1023,3,5
1024,4,5
1025,5,5
1026,6,5
1027,7,5
1028,8,5
1029,9,5
1030,10,5
1031,11,5
1032,12,5
1033,13,5
1034,14,5
1035,15,5
1036,1,6
1037,2,6
1038,3,6
1039,4,6
1040,5,6
1041,6,6
1042,7,6
1043,8,6
1044,9,6
1045,10,6
1046,11,6
1047,12,6
1048,13,6
1049,14,6
1050,15,6
1051,1,7
1052,2,7
1053,3,7
1054,4,7
1055,5,7
1056,6,7
1057,7,7
1058,8,7
1059,9,7
1060,10,7
1061,11,7
1062,12,7
1063,13,7
1064,14,7
1065,15,7
1066,1,8
1067,2,8
1068,3,8
1069,4,8
1070,5,8
1071,6,8
1072,7,8
1073,8,8
1074,9,8
1075,10,8
1076,11,8
1077,12,8
1078,13,8
1079,14,8
1080,15,8
1081,1,1
1082,2,1
1083,3,1
1084,4,1
1085,5,1
1086,6,1
1087,7,1
1088,8,1
1089,9,1
1090,10,1
1091,11,1
1092,12,1
1093,13,1
1094,14,1
1095,15,1
1096,1,2
1097,2,2
1098,3,2
1099,4,2
1100,5,2
1101,6,2
1102,7,2
1103,8,2
1104,9,2
1105,10,2
1106,11,2
1107,12,2
1108,13,2
1109,14,2
1110,15,2
1111,1,3
1112,2,3
1113,3,3
1114,4,3
1115,5,3
1116,6,3
1117,7,3
1118,8,3
1119,9,3
1120,10,3
1121,11,3
1122,12,3
1123,13,3
1124,14,3
1125,15,3
1126,1,4
1127,2,4
1128,3,4
1129,4,4
1130,5,4
1131,6,4
1132,7,4
1133,8,4
1134,9,4
1135,10,4
1136,11,4
1137,12,4
1138,13,4
1139,14,4
1140,15,4
1141,1,5
1142,2,5
1143,3,5
1144,4,5
1145,5,5
1146,6,5
1147,7,5
1148,8,5
1149,9,5
1150,10,5
1151,11,5
1152,12,5
1153,13,5
1154,14,5
1155,15,5
1156,1,6
1157,2,6
1158,3,6
1159,4,6
1160,5,6
1161,6,6
1162,7,6
1163,8,6
1164,9,6
1165,10,6
1166,11,6
1167,12,6
1168,13,6
1169,14,6
1170,15,6
1171,1,7
1172,2,7
1173,3,7
1174,4,7
1175,5,7
1176,6,7
1177,7,7
1178,8,7
1179,9,7
1180,10,7
1181,11,7
1182,12,7
1183,13,7
1184,14,7
1185,15,7
1186,1,8
1187,2,8
1188,3,8
1189,4,8
1190,5,8
1191,6,8
1192,7,8
1193,8,8
1194,9,8
1195,10,8
1196,11,8
1197,12,8
1198,13,8
1199,14,8
1200,15,8
1201,1,1
1202,2,1
1203,3,1
1204,4,1
1205,5,1
1206,6,1
1207,7,1
1208,8,1
1209,9,1
1210,10,1
1211,11,1
1212,12,1
1213,13,1
1214,14,1
1215,15,1
1216,1,2
1217,2,2
1218,3,2
1219,4,2
1220,5,2
1221,6,2
1222,7,2
1223,8,2
1224,9,2
1225,10,2
1226,11,2
1227,12,2
1228,13,2
1229,14,2
1230,15,2
1231,1,3
1232,2,3
1233,3,3
1234,4,3
1235,5,3
1236,6,3
1237,7,3
1238,8,3
1239,9,3
1240,10,3
1241,11,3
1242,12,3
1243,13,3
1244,14,3
1245,15,3
1246,1,4
1247,2,4
1248,3,4
1249,4,4
1250,5,4
1251,6,4
1252,7,4
1253,8,4
1254,9,4
1255,10,4
1256,11,4
1257,12,4
1258,13,4
1259,14,4
1260,15,4
1261,1,5
1262,2,5
1263,3,5
1264,4,5
1265,5,5
1266,6,5
1267,7,5
1268,8,5
1269,9,5
1270,10,5
1271,11,5
1272,12,5
1273,13,5
1274,14,5
1275,15,5
1276,1,6
1277,2,6
1278,3,6
1279,4,6
1280,5,6
1281,6,6
1282,7,6
1283,8,6
1284,9,6
1285,10,6
1286,11,6
1287,12,6
1288,13,6
1289,14,6
1290,15,6
1291,1,7
1292,2,7
1293,3,7
1294,4,7
1295,5,7
1296,6,7
1297,7,7
1298,8,7
1299,9,7
1300,10,7
1301,11,7
1302,12,7
1303,13,7
1304,14,7
1305,15,7
1306,1,8
1307,2,8
1308,3,8
1309,4,8
1310,5,8
1311,6,8
1312,7,8
1313,8,8
1314,9,8
1315,10,8
1316,11,8
1317,12,8
1318,13,8
1319,14,8
1320,15,8
1321,1,1
1322,2,1
1323,3,1
1324,4,1
1325,5,1
1326,6,1
1327,7,1
1328,8,1
1329,9,1
1330,10,1
1331,11,1
1332,12,1
1333,13,1
1334,14,1
1335,15,1
1336,1,2
1337,2,2
1338,3,2
1339,4,2
1340,5,2
1341,6,2
1342,7,2
1343,8,2
1344,9,2
1345,10,2
1346,11,2
1347,12,2
1348,13,2
1349,14,2
1350,15,2
1351,1,3
1352,2,3
1353,3,3
1354,4,3
1355,5,3
1356,6,3
1357,7,3
1358,8,3
1359,9,3
1360,10,3
1361,11,3
1362,12,3
1363,13,3
1364,14,3
1365,15,3
1366,1,4
1367,2,4
1368,3,4
1369,4,4
1370,5,4
1371,6,4
1372,7,4
1373,8,4
1374,9,4
1375,10,4
1376,11,4
1377,12,4
1378,13,4
1379,14,4
1380,15,4
1381,1,5
1382,2,5
1383,3,5
1384,4,5
1385,5,5
1386,6,5
1387,7,5
1388,8,5
1389,9,5
1390,10,5
1391,11,5
1392,12,5
1393,13,5
1394,14,5
1395,15,5
1396,1,6
1397,2,6
1398,3,6
1399,4,6
1400,5,6
1401,6,6
1402,7,6
1403,8,6
1404,9,6
1405,10,6
1406,11,6
1407,12,6
1408,13,6
1409,14,6
1410,15,6
1411,1,7
1412,2,7
1413,3,7
1414,4,7
1415,5,7
1416,6,7
1417,7,7
1418,8,7
1419,9,7
1420,10,7
1421,11,7
1422,12,7
1423,13,7
1424,14,7
1425,15,7
1426,1,8
1427,2,8
1428,3,8
1429,4,8
1430,5,8
1431,6,8
1432,7,8
1433,8,8
1434,9,8
1435,10,8
1436,11,8
1437,12,8
1438,13,8
1439,14,8
1440,15,8
1441,1,1
1442,2,1
1443,3,1
1444,4,1
1445,5,1
1446,6,1
1447,7,1
1448,8,1
1449,9,1
1450,10,1
1451,11,1
1452,12,1
1453,13,1
1454,14,1
1455,15,1
1456,1,2
1457,2,2
1458,3,2
1459,4,2
1460,5,2
1461,6,2
1462,7,2
1463,8,2
1464,9,2
1465,10,2
1466,11,2
1467,12,2
1468,13,2
1469,14,2
1470,15,2
1471,1,3
1472,2,3
1473,3,3
1474,4,3
1475,5,3
1476,6,3
1477,7,3
1478,8,3
1479,9,3
1480,10,3
1481,11,3
1482,12,3
1483,13,3
1484,14,3
1485,15,3
1486,1,4
1487,2,4
1488,3,4
1489,4,4
1490,5,4
1491,6,4
1492,7,4
1493,8,4
1494,9,4
1495,10,4
1496,11,4
1497,12,4
1498,13,4
1499,14,4
1500,15,4
1501,1,5
1502,2,5
1503,3,5
1504,4,5
1505,5,5
1506,6,5
1507,7,5
1508,8,5
1509,9,5
1510,10,5
1511,11,5
1512,12,5
1513,13,5
1514,14,5
1515,15,5
1516,1,6
1517,2,6
1518,3,6
1519,4,6
1520,5,6
1521,6,6
1522,7,6
1523,8,6
1524,9,6
1525,10,6
1526,11,6
1527,12,6
1528,13,6
1529,14,6
1530,15,6
1531,1,7
1532,2,7
1533,3,7
1534,4,7
1535,5,7
1536,6,7
1537,7,7
1538,8,7
1539,9,7
1540,10,7
1541,11,7
1542,12,7
1543,13,7
1544,14,7
1545,15,7
1546,1,8
1547,2,8
1548,3,8
1549,4,8
1550,5,8
1551,6,8
1552,7,8
1553,8,8
1554,9,8
1555,10,8
1556,11,8
1557,12,8
1558,13,8
1559,14,8
1560,15,8
1561,1,1
1562,2,1
1563,3,1
1564,4,1
1565,5,1
1566,6,1
1567,7,1
1568,8,1
1569,9,1
1570,10,1
1571,11,1
1572,12,1
1573,13,1
1574,14,1
1575,15,1
1576,1,2
1577,2,2
1578,3,2
1579,4,2
1580,5,2
1581,6,2
1582,7,2
1583,8,2
1584,9,2
1585,10,2
1586,11,2
1587,12,2
1588,13,2
1589,14,2
1590,15,2
1591,1,3
1592,2,3
1593,3,3
1594,4,3
1595,5,3
1596,6,3
1597,7,3
1598,8,3
1599,9,3
1600,10,3
1601,11,3
1602,12,3
1603,13,3
1604,14,3
1605,15,3
1606,1,4
1607,2,4
1608,3,4
1609,4,4
1610,5,4
1611,6,4
1612,7,4
1613,8,4
1614,9,4
1615,10,4
1616,11,4
1617,12,4
1618,13,4
1619,14,4
1620,15,4
1621,1,5
1622,2,5
1623,3,5
1624,4,5
1625,5,5
1626,6,5
1627,7,5
1628,8,5
1629,9,5
1630,10,5
1631,11,5
1632,12,5
1633,13,5
1634,14,5
1635,15,5
1636,1,6
1637,2,6
1638,3,6
1639,4,6
1640,5,6
1641,6,6
1642,7,6
1643,8,6
1644,9,6
1645,10,6
1646,11,6
1647,12,6
1648,13,6
1649,14,6
1650,15,6
1651,1,7
1652,2,7
1653,3,7
1654,4,7
1655,5,7
1656,6,7
1657,7,7
1658,8,7
1659,9,7
1660,10,7
1661,11,7
1662,12,7
1663,13,7
1664,14,7
1665,15,7
1666,1,8
1667,2,8
1668,3,8
1669,4,8
1670,5,8
1671,6,8
1672,7,8
1673,8,8
1674,9,8
1675,10,8
1676,11,8
1677,12,8
1678,13,8
1679,14,8
1680,15,8
1681,1,1
1682,2,1
1683,3,1
1684,4,1
1685,5,1
1686,6,1
1687,7,1
1688,8,1
1689,9,1
1690,10,1
1691,11,1
1692,12,1
1693,13,1
1694,14,1
1695,15,1
1696,1,2
1697,2,2
1698,3,2
1699,4,2
1700,5,2
1701,6,2
1702,7,2
1703,8,2
1704,9,2
1705,10,2
1706,11,2
1707,12,2
1708,13,2
1709,14,2
1710,15,2
1711,1,3
1712,2,3
1713,3,3
1714,4,3
1715,5,3
1716,6,3
1717,7,3
1718,8,3
1719,9,3
1720,10,3
1721,11,3
1722,12,3
1723,13,3
1724,14,3
1725,15,3
1726,1,4
1727,2,4
1728,3,4
1729,4,4
1730,5,4
1731,6,4
1732,7,4
1733,8,4
1734,9,4
1735,10,4
1736,11,4
1737,12,4
1738,13,4
1739,14,4
1740,15,4
1741,1,5
1742,2,5
1743,3,5
1744,4,5
1745,5,5
1746,6,5
1747,7,5
1748,8,5
1749,9,5
1750,10,5
1751,11,5
1752,12,5
1753,13,5
1754,14,5
1755,15,5
1756,1,6
1757,2,6
1758,3,6
1759,4,6
1760,5,6
1761,6,6
1762,7,6
1763,8,6
1764,9,6
1765,10,6
1766,11,6
1767,12,6
1768,13,6
1769,14,6
1770,15,6
1771,1,7
1772,2,7
1773,3,7
1774,4,7
1775,5,7
1776,6,7
1777,7,7
1778,8,7
1779,9,7
1780,10,7
1781,11,7
1782,12,7
1783,13,7
1784,14,7
1785,15,7
1786,1,8
1787,2,8
1788,3,8
1789,4,8
1790,5,8
1791,6,8
1792,7,8
1793,8,8
1794,9,8
1795,10,8
1796,11,8
1797,12,8
1798,13,8
1799,14,8
1800,15,8
1801,1,1
1802,2,1
1803,3,1
1804,4,1
1805,5,1
1806,6,1
1807,7,1
1808,8,1
1809,9,1
1810,10,1
1811,11,1
1812,12,1
1813,13,1
1814,14,1
1815,15,1
1816,1,2
1817,2,2
1818,3,2
1819,4,2
1820,5,2
1821,6,2
1822,7,2
1823,8,2
1824,9,2
1825,10,2
1826,11,2
1827,12,2
1828,13,2
1829,14,2
1830,15,2
1831,1,3
1832,2,3
1833,3,3
1834,4,3
1835,5,3
1836,6,3
1837,7,3
1838,8,3
1839,9,3
1840,10,3
1841,11,3
1842,12,3
1843,13,3
1844,14,3
1845,15,3
1846,1,4
1847,2,4
1848,3,4
1849,4,4
1850,5,4
1851,6,4
1852,7,4
1853,8,4
1854,9,4
1855,10,4
1856,11,4
1857,12,4
1858,13,4
1859,14,4
1860,15,4
1861,1,5
1862,2,5
1863,3,5
1864,4,5
1865,5,5
1866,6,5
1867,7,5
1868,8,5
1869,9,5
1870,10,5
1871,11,5
1872,12,5
1873,13,5
1874,14,5
1875,15,5
1876,1,6
1877,2,6
1878,3,6
1879,4,6
1880,5,6
1881,6,6
1882,7,6
1883,8,6
1884,9,6
1885,10,6
1886,11,6
1887,12,6
1888,13,6
1889,14,6
1890,15,6
1891,1,7
1892,2,7
1893,3,7
1894,4,7
1895,5,7
1896,6,7
1897,7,7
1898,8,7
1899,9,7
1900,10,7
1901,11,7
1902,12,7
1903,13,7
1904,14,7
1905,15,7
1906,1,8
1907,2,8
1908,3,8
1909,4,8
1910,5,8
1911,6,8
1912,7,8
1913,8,8
1914,9,8
1915,10,8
1916,11,8
1917,12,8
1918,13,8
1919,14,8
1920,15,8
1921,1,1
1922,2,1
1923,3,1
1924,4,1
1925,5,1
1926,6,1
1927,7,1
1928,8,1
1929,9,1
1930,10,1
1931,11,1
1932,12,1
1933,13,1
1934,14,1
1935,15,1
1936,1,2
1937,2,2
1938,3,2
1939,4,2
1940,5,2
1941,6,2
1942,7,2
1943,8,2
1944,9,2
1945,10,2
1946,11,2
1947,12,2
1948,13,2
1949,14,2
1950,15,2
1951,1,3
1952,2,3
1953,3,3
1954,4,3
1955,5,3
1956,6,3
1957,7,3
1958,8,3
1959,9,3
1960,10,3
1961,11,3
1962,12,3
1963,13,3
1964,14,3
1965,15,3
1966,1,4
1967,2,4
1968,3,4
1969,4,4
1970,5,4
1971,6,4
1972,7,4
1973,8,4
1974,9,4
1975,10,4
1976,11,4
1977,12,4
1978,13,4
1979,14,4
1980,15,4
1981,1,5
1982,2,5
1983,3,5
1984,4,5
1985,5,5
1986,6,5
1987,7,5
1988,8,5
1989,9,5
1990,10,5
1991,11,5
1992,12,5
1993,13,5
1994,14,5
1995,15,5
1996,1,6
1997,2,6
1998,3,6
1999,4,6
2000,5,6
2001,6,6
2002,7,6
2003,8,6
2004,9,6
2005,10,6
2006,11,6
2007,12,6
2008,13,6
2009,14,6
2010,15,6
2011,1,7
2012,2,7
2013,3,7
2014,4,7
2015,5,7
2016,6,7
2017,7,7
2018,8,7
2019,9,7
2020,10,7
2021,11,7
2022,12,7
2023,13,7
2024,14,7
2025,15,7
2026,1,8
2027,2,8
2028,3,8
2029,4,8
2030,5,8
2031,6,8
2032,7,8
2033,8,8
2034,9,8
2035,10,8
2036,11,8
2037,12,8
2038,13,8
2039,14,8
2040,15,8
2041,1,1
2042,2,1
2043,3,1
2044,4,1
2045,5,1
2046,6,1
2047,7,1
2048,8,1
2049,9,1
2050,10,1
2051,11,1
2052,12,1
2053,13,1
2054,14,1
2055,15,1
2056,1,2
2057,2,2
2058,3,2
2059,4,2
2060,5,2
2061,6,2
2062,7,2
2063,8,2
2064,9,2
2065,10,2
2066,11,2
2067,12,2
2068,13,2
2069,14,2
2070,15,2
2071,1,3
2072,2,3
2073,3,3
2074,4,3
2075,5,3
2076,6,3
2077,7,3
2078,8,3
2079,9,3
2080,10,3
2081,11,3
2082,12,3
2083,13,3
2084,14,3
2085,15,3
2086,1,4
2087,2,4
2088,3,4
2089,4,4
2090,5,4
2091,6,4
2092,7,4
2093,8,4
2094,9,4
2095,10,4
2096,11,4
2097,12,4
2098,13,4
2099,14,4
2100,15,4
2101,1,5
2102,2,5
2103,3,5
2104,4,5
2105,5,5
2106,6,5
2107,7,5
2108,8,5
2109,9,5
2110,10,5
2111,11,5
2112,12,5
2113,13,5
2114,14,5
2115,15,5
2116,1,6
2117,2,6
2118,3,6
2119,4,6
2120,5,6
2121,6,6
2122,7,6
2123,8,6
2124,9,6
2125,10,6
2126,11,6
2127,12,6
2128,13,6
2129,14,6
2130,15,6
2131,1,7
2132,2,7
2133,3,7
2134,4,7
2135,5,7
2136,6,7
2137,7,7
2138,8,7
2139,9,7
2140,10,7
2141,11,7
2142,12,7
2143,13,7
2144,14,7
2145,15,7
2146,1,8
2147,2,8
2148,3,8
2149,4,8
2150,5,8
2151,6,8
2152,7,8
2153,8,8
2154,9,8
2155,10,8
2156,11,8
2157,12,8
2158,13,8
2159,14,8
2160,15,8
2161,1,1
2162,2,1
2163,3,1
2164,4,1
2165,5,1
2166,6,1
2167,7,1
2168,8,1
2169,9,1
2170,10,1
2171,11,1
2172,12,1
2173,13,1
2174,14,1
2175,15,1
2176,1,2
2177,2,2
2178,3,2
2179,4,2
2180,5,2
2181,6,2
2182,7,2
2183,8,2
2184,9,2
2185,10,2
2186,11,2
2187,12,2
2188,13,2
2189,14,2
2190,15,2
2191,1,3
2192,2,3
2193,3,3
2194,4,3
2195,5,3
2196,6,3
2197,7,3
2198,8,3
2199,9,3
2200,10,3
2201,11,3
2202,12,3
2203,13,3
2204,14,3
2205,15,3
2206,1,4
2207,2,4
2208,3,4
2209,4,4
2210,5,4
2211,6,4
2212,7,4
2213,8,4
2214,9,4
2215,10,4
2216,11,4
2217,12,4
2218,13,4
2219,14,4
2220,15,4
2221,1,5
2222,2,5
2223,3,5
2224,4,5
2225,5,5
2226,6,5
2227,7,5
2228,8,5
2229,9,5
2230,10,5
2231,11,5
2232,12,5
2233,13,5
2234,14,5
2235,15,5
2236,1,6
2237,2,6
2238,3,6
2239,4,6
2240,5,6
2241,6,6
2242,7,6
2243,8,6
2244,9,6
2245,10,6
2246,11,6
2247,12,6
2248,13,6
2249,14,6
2250,15,6
2251,1,7
2252,2,7
2253,3,7
2254,4,7
2255,5,7
2256,6,7
2257,7,7
2258,8,7
2259,9,7
2260,10,7
2261,11,7
2262,12,7
2263,13,7
2264,14,7
2265,15,7
2266,1,8
2267,2,8
2268,3,8
2269,4,8
2270,5,8
2271,6,8
2272,7,8
2273,8,8
2274,9,8
2275,10,8
2276,11,8
2277,12,8
2278,13,8
2279,14,8
2280,15,8
2281,1,1
2282,2,1
2283,3,1
2284,4,1
2285,5,1
2286,6,1
2287,7,1
2288,8,1
2289,9,1
2290,10,1
2291,11,1
2292,12,1
2293,13,1
2294,14,1
2295,15,1
2296,1,2
2297,2,2
2298,3,2
2299,4,2
2300,5,2
2301,6,2
2302,7,2
2303,8,2
2304,9,2
2305,10,2
2306,11,2
2307,12,2
2308,13,2
2309,14,2
2310,15,2
2311,1,3
2312,2,3
2313,3,3
2314,4,3
2315,5,3
2316,6,3
2317,7,3
2318,8,3
2319,9,3
2320,10,3
2321,11,3
2322,12,3
2323,13,3
2324,14,3
2325,15,3
2326,1,4
2327,2,4
2328,3,4
2329,4,4
2330,5,4
2331,6,4
2332,7,4
2333,8,4
2334,9,4
2335,10,4
2336,11,4
2337,12,4
2338,13,4
2339,14,4
2340,15,4
2341,1,5
2342,2,5
2343,3,5
2344,4,5
2345,5,5
2346,6,5
2347,7,5
2348,8,5
2349,9,5
2350,10,5
2351,11,5
2352,12,5
2353,13,5
2354,14,5
2355,15,5
2356,1,6
2357,2,6
2358,3,6
2359,4,6
2360,5,6
2361,6,6
2362,7,6
2363,8,6
2364,9,6
2365,10,6
2366,11,6
2367,12,6
2368,13,6
2369,14,6
2370,15,6
2371,1,7
2372,2,7
2373,3,7
2374,4,7
2375,5,7
2376,6,7
2377,7,7
2378,8,7
2379,9,7
2380,10,7
2381,11,7
2382,12,7
2383,13,7
2384,14,7
2385,15,7
2386,1,8
2387,2,8
2388,3,8
2389,4,8
2390,5,8
2391,6,8
2392,7,8
2393,8,8
2394,9,8
2395,10,8
2396,11,8
2397,12,8
2398,13,8
2399,14,8
2400,15,8
2401,1,1
2402,2,1
2403,3,1
2404,4,1
2405,5,1
2406,6,1
2407,7,1
2408,8,1
2409,9,1
2410,10,1
2411,11,1
2412,12,1
2413,13,1
2414,14,1
2415,15,1
2416,1,2
2417,2,2
2418,3,2
2419,4,2
2420,5,2
2421,6,2
2422,7,2
2423,8,2
2424,9,2
2425,10,2
2426,11,2
2427,12,2
2428,13,2
2429,14,2
2430,15,2
2431,1,3
2432,2,3
2433,3,3
2434,4,3
2435,5,3
2436,6,3
2437,7,3
2438,8,3
2439,9,3
2440,10,3
2441,11,3
2442,12,3
2443,13,3
2444,14,3
2445,15,3
2446,1,4
2447,2,4
2448,3,4
2449,4,4
2450,5,4
2451,6,4
2452,7,4
2453,8,4
2454,9,4
2455,10,4
2456,11,4
2457,12,4
2458,13,4
2459,14,4
2460,15,4
2461,1,5
2462,2,5
2463,3,5
2464,4,5
2465,5,5
2466,6,5
2467,7,5
2468,8,5
2469,9,5
2470,10,5
2471,11,5
2472,12,5
2473,13,5
2474,14,5
2475,15,5
2476,1,6
2477,2,6
2478,3,6
2479,4,6
2480,5,6
2481,6,6
2482,7,6
2483,8,6
2484,9,6
2485,10,6
2486,11,6
2487,12,6
2488,13,6
2489,14,6
2490,15,6
2491,1,7
2492,2,7
2493,3,7
2494,4,7
2495,5,7
2496,6,7
2497,7,7
2498,8,7
2499,9,7
2500,10,7
2501,11,7
2502,12,7
2503,13,7
2504,14,7
2505,15,7
2506,1,8
2507,2,8
2508,3,8
2509,4,8
2510,5,8
2511,6,8
2512,7,8
2513,8,8
2514,9,8
2515,10,8
2516,11,8
2517,12,8
2518,13,8
2519,14,8
2520,15,8
2521,1,1
2522,2,1
2523,3,1
2524,4,1
2525,5,1
2526,6,1
2527,7,1
2528,8,1
2529,9,1
2530,10,1
2531,11,1
2532,12,1
2533,13,1
2534,14,1
2535,15,1
2536,1,2
2537,2,2
2538,3,2
2539,4,2
2540,5,2
2541,6,2
2542,7,2
2543,8,2
2544,9,2
2545,10,2
2546,11,2
2547,12,2
2548,13,2
2549,14,2
2550,15,2
2551,1,3
2552,2,3
2553,3,3
2554,4,3
2555,5,3
2556,6,3
2557,7,3
2558,8,3
2559,9,3
2560,10,3
2561,11,3
2562,12,3
2563,13,3
2564,14,3
2565,15,3
2566,1,4
2567,2,4
2568,3,4
2569,4,4
2570,5,4
2571,6,4
2572,7,4
2573,8,4
2574,9,4
2575,10,4
2576,11,4
2577,12,4
2578,13,4
2579,14,4
2580,15,4
2581,1,5
2582,2,5
2583,3,5
2584,4,5
2585,5,5
2586,6,5
2587,7,5
2588,8,5
2589,9,5
2590,10,5
2591,11,5
2592,12,5
2593,13,5
2594,14,5
2595,15,5
2596,1,6
2597,2,6
2598,3,6
2599,4,6
2600,5,6
2601,6,6
2602,7,6
2603,8,6
2604,9,6
2605,10,6
2606,11,6
2607,12,6
2608,13,6
2609,14,6
2610,15,6
2611,1,7
2612,2,7
2613,3,7
2614,4,7
2615,5,7
2616,6,7
2617,7,7
2618,8,7
2619,9,7
2620,10,7
2621,11,7
2622,12,7
2623,13,7
2624,14,7
2625,15,7
2626,1,8
2627,2,8
2628,3,8
2629,4,8
2630,5,8
2631,6,8
2632,7,8
2633,8,8
2634,9,8
2635,10,8
2636,11,8
2637,12,8
2638,13,8
2639,14,8
2640,15,8
2641,1,1
2642,2,1
2643,3,1
2644,4,1
2645,5,1
2646,6,1
2647,7,1
2648,8,1
2649,9,1
2650,10,1
2651,11,1
2652,12,1
2653,13,1
2654,14,1
2655,15,1
2656,1,2
2657,2,2
2658,3,2
2659,4,2
2660,5,2
2661,6,2
2662,7,2
2663,8,2
2664,9,2
2665,10,2
2666,11,2
2667,12,2
2668,13,2
2669,14,2
2670,15,2
2671,1,3
2672,2,3
2673,3,3
2674,4,3
2675,5,3
2676,6,3
2677,7,3
2678,8,3
2679,9,3
2680,10,3
2681,11,3
2682,12,3
2683,13,3
2684,14,3
2685,15,3
2686,1,4
2687,2,4
2688,3,4
2689,4,4
2690,5,4
2691,6,4
2692,7,4
2693,8,4
2694,9,4
2695,10,4
2696,11,4
2697,12,4
2698,13,4
2699,14,4
2700,15,4
2701,1,5
2702,2,5
2703,3,5
2704,4,5
2705,5,5
2706,6,5
2707,7,5
2708,8,5
2709,9,5
2710,10,5
2711,11,5
2712,12,5
2713,13,5
2714,14,5
2715,15,5
2716,1,6
2717,2,6
2718,3,6
2719,4,6
2720,5,6
2721,6,6
2722,7,6
2723,8,6
2724,9,6
2725,10,6
2726,11,6
2727,12,6
2728,13,6
2729,14,6
2730,15,6
2731,1,7
2732,2,7
2733,3,7
2734,4,7
2735,5,7
2736,6,7
2737,7,7
2738,8,7
2739,9,7
2740,10,7
2741,11,7
2742,12,7
2743,13,7
2744,14,7
2745,15,7
2746,1,8
2747,2,8
2748,3,8
2749,4,8
2750,5,8
2751,6,8
2752,7,8
2753,8,8
2754,9,8
2755,10,8
2756,11,8
2757,12,8
2758,13,8
2759,14,8
2760,15,8
2761,1,1
2762,2,1
2763,3,1
2764,4,1
2765,5,1
2766,6,1
2767,7,1
2768,8,1
2769,9,1
2770,10,1
2771,11,1
2772,12,1
2773,13,1
2774,14,1
2775,15,1
2776,1,2
2777,2,2
2778,3,2
2779,4,2
2780,5,2
2781,6,2
2782,7,2
2783,8,2
2784,9,2
2785,10,2
2786,11,2
2787,12,2
2788,13,2
2789,14,2
2790,15,2
2791,1,3
2792,2,3
2793,3,3
2794,4,3
2795,5,3
2796,6,3
2797,7,3
2798,8,3
2799,9,3
2800,10,3
2801,11,3
2802,12,3
2803,13,3
2804,14,3
2805,15,3
2806,1,4
2807,2,4
2808,3,4
2809,4,4
2810,5,4
2811,6,4
2812,7,4
2813,8,4
2814,9,4
2815,10,4
2816,11,4
2817,12,4
2818,13,4
2819,14,4
2820,15,4
2821,1,5
2822,2,5
2823,3,5
2824,4,5
2825,5,5
2826,6,5
2827,7,5
2828,8,5
2829,9,5
2830,10,5
2831,11,5
2832,12,5
2833,13,5
2834,14,5
2835,15,5
2836,1,6
2837,2,6
2838,3,6
2839,4,6
2840,5,6
2841,6,6
2842,7,6
2843,8,6
2844,9,6
2845,10,6
2846,11,6
2847,12,6
2848,13,6
2849,14,6
2850,15,6
2851,1,7
2852,2,7
2853,3,7
2854,4,7
2855,5,7
2856,6,7
2857,7,7
2858,8,7
2859,9,7
2860,10,7
2861,11,7
2862,12,7
2863,13,7
2864,14,7
2865,15,7
2866,1,8
2867,2,8
2868,3,8
2869,4,8
2870,5,8
2871,6,8
2872,7,8
2873,8,8
2874,9,8
2875,10,8
2876,11,8
2877,12,8
2878,13,8
2879,14,8
2880,15,8
2881,1,1
2882,2,1
2883,3,1
2884,4,1
2885,5,1
2886,6,1
2887,7,1
2888,8,1
2889,9,1
2890,10,1
2891,11,1
2892,12,1
2893,13,1
2894,14,1
2895,15,1
2896,1,2
2897,2,2
2898,3,2
2899,4,2
2900,5,2
2901,6,2
2902,7,2
2903,8,2
2904,9,2
2905,10,2
2906,11,2
2907,12,2
2908,13,2
2909,14,2
2910,15,2
2911,1,3
2912,2,3
2913,3,3
2914,4,3
2915,5,3
2916,6,3
2917,7,3
2918,8,3
2919,9,3
2920,10,3
2921,11,3
2922,12,3
2923,13,3
2924,14,3
2925,15,3
2926,1,4
2927,2,4
2928,3,4
2929,4,4
2930,5,4
2931,6,4
2932,7,4
2933,8,4
2934,9,4
2935,10,4
2936,11,4
2937,12,4
2938,13,4
2939,14,4
2940,15,4
2941,1,5
2942,2,5
2943,3,5
2944,4,5
2945,5,5
2946,6,5
2947,7,5
2948,8,5
2949,9,5
2950,10,5
2951,11,5
2952,12,5
2953,13,5
2954,14,5
2955,15,5
2956,1,6
2957,2,6
2958,3,6
2959,4,6
2960,5,6
2961,6,6
2962,7,6
2963,8,6
2964,9,6
2965,10,6
2966,11,6
2967,12,6
2968,13,6
2969,14,6
2970,15,6
2971,1,7
2972,2,7
2973,3,7
2974,4,7
2975,5,7
2976,6,7
2977,7,7
2978,8,7
2979,9,7
2980,10,7
2981,11,7
2982,12,7
2983,13,7
2984,14,7
2985,15,7
2986,1,8
2987,2,8
2988,3,8
2989,4,8
2990,5,8
2991,6,8
2992,7,8
2993,8,8
2994,9,8
2995,10,8
2996,11,8
2997,12,8
2998,13,8
2999,14,8
3000,15,8
3001,1,1
3002,2,1
3003,3,1
3004,4,1
3005,5,1
3006,6,1
3007,7,1
3008,8,1
3009,9,1
3010,10,1
3011,11,1
3012,12,1
3013,13,1
3014,14,1
3015,15,1
3016,1,2
3017,2,2
3018,3,2
3019,4,2
3020,5,2
3021,6,2
3022,7,2
3023,8,2
3024,9,2
3025,10,2
3026,11,2
3027,12,2
3028,13,2
3029,14,2
3030,15,2
3031,1,3
3032,2,3
3033,3,3
3034,4,3
3035,5,3
3036,6,3
3037,7,3
3038,8,3
3039,9,3
3040,10,3
3041,11,3
3042,12,3
3043,13,3
3044,14,3
3045,15,3
3046,1,4
3047,2,4
3048,3,4
3049,4,4
3050,5,4
3051,6,4
3052,7,4
3053,8,4
3054,9,4
3055,10,4
3056,11,4
3057,12,4
3058,13,4
3059,14,4
3060,15,4
3061,1,5
3062,2,5
3063,3,5
3064,4,5
3065,5,5
3066,6,5
3067,7,5
3068,8,5
3069,9,5
3070,10,5
3071,11,5
3072,12,5
3073,13,5
3074,14,5
3075,15,5
3076,1,6
3077,2,6
3078,3,6
3079,4,6
3080,5,6
3081,6,6
3082,7,6
3083,8,6
3084,9,6
3085,10,6
3086,11,6
3087,12,6
3088,13,6
3089,14,6
3090,15,6
3091,1,7
3092,2,7
3093,3,7
3094,4,7
3095,5,7
3096,6,7
3097,7,7
3098,8,7
3099,9,7
3100,10,7
3101,11,7
3102,12,7
3103,13,7
3104,14,7
3105,15,7
3106,1,8
3107,2,8
3108,3,8
3109,4,8
3110,5,8
3111,6,8
3112,7,8
3113,8,8
3114,9,8
3115,10,8
3116,11,8
3117,12,8
3118,13,8
3119,14,8
3120,15,8
3121,1,1
3122,2,1
3123,3,1
3124,4,1
3125,5,1
3126,6,1
3127,7,1
3128,8,1
3129,9,1
3130,10,1
3131,11,1
3132,12,1
3133,13,1
3134,14,1
3135,15,1
3136,1,2
3137,2,2
3138,3,2
3139,4,2
3140,5,2
3141,6,2
3142,7,2
3143,8,2
3144,9,2
3145,10,2
3146,11,2
3147,12,2
3148,13,2
3149,14,2
3150,15,2
3151,1,3
3152,2,3
3153,3,3
3154,4,3
3155,5,3
3156,6,3
3157,7,3
3158,8,3
3159,9,3
3160,10,3
3161,11,3
3162,12,3
3163,13,3
3164,14,3
3165,15,3
3166,1,4
3167,2,4
3168,3,4
3169,4,4
3170,5,4
3171,6,4
3172,7,4
3173,8,4
3174,9,4
3175,10,4
3176,11,4
3177,12,4
3178,13,4
3179,14,4
3180,15,4
3181,1,5
3182,2,5
3183,3,5
3184,4,5
3185,5,5
3186,6,5
3187,7,5
3188,8,5
3189,9,5
3190,10,5
3191,11,5
3192,12,5
3193,13,5
3194,14,5
3195,15,5
3196,1,6
3197,2,6
3198,3,6
3199,4,6
3200,5,6
3201,6,6
3202,7,6
3203,8,6
3204,9,6
3205,10,6
3206,11,6
3207,12,6
3208,13,6
3209,14,6
3210,15,6
3211,1,7
3212,2,7
3213,3,7
3214,4,7
3215,5,7
3216,6,7
3217,7,7
3218,8,7
3219,9,7
3220,10,7
3221,11,7
3222,12,7
3223,13,7
3224,14,7
3225,15,7
3226,1,8
3227,2,8
3228,3,8
3229,4,8
3230,5,8
3231,6,8
3232,7,8
3233,8,8
3234,9,8
3235,10,8
3236,11,8
3237,12,8
3238,13,8
3239,14,8
3240,15,8
3241,1,1
3242,2,1
3243,3,1
3244,4,1
3245,5,1
3246,6,1
3247,7,1
3248,8,1
3249,9,1
3250,10,1
3251,11,1
3252,12,1
3253,13,1
3254,14,1
3255,15,1
3256,1,2
3257,2,2
3258,3,2
3259,4,2
3260,5,2
3261,6,2
3262,7,2
3263,8,2
3264,9,2
3265,10,2
3266,11,2
3267,12,2
3268,13,2
3269,14,2
3270,15,2
3271,1,3
3272,2,3
3273,3,3
3274,4,3
3275,5,3
3276,6,3
3277,7,3
3278,8,3
3279,9,3
3280,10,3
3281,11,3
3282,12,3
3283,13,3
3284,14,3
3285,15,3
3286,1,4
3287,2,4
3288,3,4
3289,4,4
3290,5,4
3291,6,4
3292,7,4
3293,8,4
3294,9,4
3295,10,4
3296,11,4
3297,12,4
3298,13,4
3299,14,4
3300,15,4
3301,1,5
3302,2,5
3303,3,5
3304,4,5
3305,5,5
3306,6,5
3307,7,5
3308,8,5
3309,9,5
3310,10,5
3311,11,5
3312,12,5
3313,13,5
3314,14,5
3315,15,5
3316,1,6
3317,2,6
3318,3,6
3319,4,6
3320,5,6
3321,6,6
3322,7,6
3323,8,6
3324,9,6
3325,10,6
3326,11,6
3327,12,6
3328,13,6
3329,14,6
3330,15,6
3331,1,7
3332,2,7
3333,3,7
3334,4,7
3335,5,7
3336,6,7
3337,7,7
3338,8,7
3339,9,7
3340,10,7
3341,11,7
3342,12,7
3343,13,7
3344,14,7
3345,15,7
3346,1,8
3347,2,8
3348,3,8
3349,4,8
3350,5,8
3351,6,8
3352,7,8
3353,8,8
3354,9,8
3355,10,8
3356,11,8
3357,12,8
3358,13,8
3359,14,8
3360,15,8
3361,1,1
3362,2,1
3363,3,1
3364,4,1
3365,5,1
3366,6,1
3367,7,1
3368,8,1
3369,9,1
3370,10,1
3371,11,1
3372,12,1
3373,13,1
3374,14,1
3375,15,1
3376,1,2
3377,2,2
3378,3,2
3379,4,2
3380,5,2
3381,6,2
3382,7,2
3383,8,2
3384,9,2
3385,10,2
3386,11,2
3387,12,2
3388,13,2
3389,14,2
3390,15,2
3391,1,3
3392,2,3
3393,3,3
3394,4,3
3395,5,3
3396,6,3
3397,7,3
3398,8,3
3399,9,3
3400,10,3
3401,11,3
3402,12,3
3403,13,3
3404,14,3
3405,15,3
3406,1,4
3407,2,4
3408,3,4
3409,4,4
3410,5,4
3411,6,4
3412,7,4
3413,8,4
3414,9,4
3415,10,4
3416,11,4
3417,12,4
3418,13,4
3419,14,4
3420,15,4
3421,1,5
3422,2,5
3423,3,5
3424,4,5
3425,5,5
3426,6,5
3427,7,5
3428,8,5
3429,9,5
3430,10,5
3431,11,5
3432,12,5
3433,13,5
3434,14,5
3435,15,5
3436,1,6
3437,2,6
3438,3,6
3439,4,6
3440,5,6
3441,6,6
3442,7,6
3443,8,6
3444,9,6
3445,10,6
3446,11,6
3447,12,6
3448,13,6
3449,14,6
3450,15,6
3451,1,7
3452,2,7
3453,3,7
3454,4,7
3455,5,7
3456,6,7
3457,7,7
3458,8,7
3459,9,7
3460,10,7
3461,11,7
3462,12,7
3463,13,7
3464,14,7
3465,15,7
3466,1,8
3467,2,8
3468,3,8
3469,4,8
3470,5,8
3471,6,8
3472,7,8
3473,8,8
3474,9,8
3475,10,8
3476,11,8
3477,12,8
3478,13,8
3479,14,8
3480,15,8
3481,1,1
3482,2,1
3483,3,1
3484,4,1
3485,5,1
3486,6,1
3487,7,1
3488,8,1
3489,9,1
3490,10,1
3491,11,1
3492,12,1
3493,13,1
3494,14,1
3495,15,1
3496,1,2
3497,2,2
3498,3,2
3499,4,2
3500,5,2
3501,6,2
3502,7,2
3503,8,2
3504,9,2
3505,10,2
3506,11,2
3507,12,2
3508,13,2
3509,14,2
3510,15,2
3511,1,3
3512,2,3
3513,3,3
3514,4,3
3515,5,3
3516,6,3
3517,7,3
3518,8,3
3519,9,3
3520,10,3
3521,11,3
3522,12,3
3523,13,3
3524,14,3
3525,15,3
3526,1,4
3527,2,4
3528,3,4
3529,4,4
3530,5,4
3531,6,4
3532,7,4
3533,8,4
3534,9,4
3535,10,4
3536,11,4
3537,12,4
3538,13,4
3539,14,4
3540,15,4
3541,1,5
3542,2,5
3543,3,5
3544,4,5
3545,5,5
3546,6,5
3547,7,5
3548,8,5
3549,9,5
3550,10,5
3551,11,5
3552,12,5
3553,13,5
3554,14,5
3555,15,5
3556,1,6
3557,2,6
3558,3,6
3559,4,6
3560,5,6
3561,6,6
3562,7,6
3563,8,6
3564,9,6
3565,10,6
3566,11,6
3567,12,6
3568,13,6
3569,14,6
3570,15,6
3571,1,7
3572,2,7
3573,3,7
3574,4,7
3575,5,7
3576,6,7
3577,7,7
3578,8,7
3579,9,7
3580,10,7
3581,11,7
3582,12,7
3583,13,7
3584,14,7
3585,15,7
3586,1,8
3587,2,8
3588,3,8
3589,4,8
3590,5,8
3591,6,8
3592,7,8
3593,8,8
3594,9,8
3595,10,8
3596,11,8
3597,12,8
3598,13,8
3599,14,8
3600,15,8
3601,1,1
3602,2,1
3603,3,1
3604,4,1
3605,5,1
3606,6,1
3607,7,1
3608,8,1
3609,9,1
3610,10,1
3611,11,1
3612,12,1
3613,13,1
3614,14,1
3615,15,1
3616,1,2
3617,2,2
3618,3,2
3619,4,2
3620,5,2
3621,6,2
3622,7,2
3623,8,2
3624,9,2
3625,10,2
3626,11,2
3627,12,2
3628,13,2
3629,14,2
3630,15,2
3631,1,3
3632,2,3
3633,3,3
3634,4,3
3635,5,3
3636,6,3
3637,7,3
3638,8,3
3639,9,3
3640,10,3
3641,11,3
3642,12,3
3643,13,3
3644,14,3
3645,15,3
3646,1,4
3647,2,4
3648,3,4
3649,4,4
3650,5,4
3651,6,4
3652,7,4
3653,8,4
3654,9,4
3655,10,4
3656,11,4
3657,12,4
3658,13,4
3659,14,4
3660,15,4
3661,1,5
3662,2,5
3663,3,5
3664,4,5
3665,5,5
3666,6,5
3667,7,5
3668,8,5
3669,9,5
3670,10,5
3671,11,5
3672,12,5
3673,13,5
3674,14,5
3675,15,5
3676,1,6
3677,2,6
3678,3,6
3679,4,6
3680,5,6
3681,6,6
3682,7,6
3683,8,6
3684,9,6
3685,10,6
3686,11,6
3687,12,6
3688,13,6
3689,14,6
3690,15,6
3691,1,7
3692,2,7
3693,3,7
3694,4,7
3695,5,7
3696,6,7
3697,7,7
3698,8,7
3699,9,7
3700,10,7
3701,11,7
3702,12,7
3703,13,7
3704,14,7
3705,15,7
3706,1,8
3707,2,8
3708,3,8
3709,4,8
3710,5,8
3711,6,8
3712,7,8
3713,8,8
3714,9,8
3715,10,8
3716,11,8
3717,12,8
3718,13,8
3719,14,8
3720,15,8
3721,1,1
3722,2,1
3723,3,1
3724,4,1
3725,5,1
3726,6,1
3727,7,1
3728,8,1
3729,9,1
3730,10,1
3731,11,1
3732,12,1
3733,13,1
3734,14,1
3735,15,1
3736,1,2
3737,2,2
3738,3,2
3739,4,2
3740,5,2
3741,6,2
3742,7,2
3743,8,2
3744,9,2
3745,10,2
3746,11,2
3747,12,2
3748,13,2
3749,14,2
3750,15,2
3751,1,3
3752,2,3
3753,3,3
3754,4,3
3755,5,3
3756,6,3
3757,7,3
3758,8,3
3759,9,3
3760,10,3
3761,11,3
3762,12,3
3763,13,3
3764,14,3
3765,15,3
3766,1,4
3767,2,4
3768,3,4
3769,4,4
3770,5,4
3771,6,4
3772,7,4
3773,8,4
3774,9,4
3775,10,4
3776,11,4
3777,12,4
3778,13,4
3779,14,4
3780,15,4
3781,1,5
3782,2,5
3783,3,5
3784,4,5
3785,5,5
3786,6,5
3787,7,5
3788,8,5
3789,9,5
3790,10,5
3791,11,5
3792,12,5
3793,13,5
3794,14,5
3795,15,5
3796,1,6
3797,2,6
3798,3,6
3799,4,6
3800,5,6
3801,6,6
3802,7,6
3803,8,6
3804,9,6
3805,10,6
3806,11,6
3807,12,6
3808,13,6
3809,14,6
3810,15,6
3811,1,7
3812,2,7
3813,3,7
3814,4,7
3815,5,7
3816,6,7
3817,7,7
3818,8,7
3819,9,7
3820,10,7
3821,11,7
3822,12,7
3823,13,7
3824,14,7
3825,15,7
3826,1,8
3827,2,8
3828,3,8
3829,4,8
3830,5,8
3831,6,8
3832,7,8
3833,8,8
3834,9,8
3835,10,8
3836,11,8
3837,12,8
3838,13,8
3839,14,8
3840,15,8
3841,1,1
3842,2,1
3843,3,1
3844,4,1
3845,5,1
3846,6,1
3847,7,1
3848,8,1
3849,9,1
3850,10,1
3851,11,1
3852,12,1
3853,13,1
3854,14,1
3855,15,1
3856,1,2
3857,2,2
3858,3,2
3859,4,2
3860,5,2
3861,6,2
3862,7,2
3863,8,2
3864,9,2
3865,10,2
3866,11,2
3867,12,2
3868,13,2
3869,14,2
3870,15,2
3871,1,3
3872,2,3
3873,3,3
3874,4,3
3875,5,3
3876,6,3
3877,7,3
3878,8,3
3879,9,3
3880,10,3
3881,11,3
3882,12,3
3883,13,3
3884,14,3
3885,15,3
3886,1,4
3887,2,4
3888,3,4
3889,4,4
3890,5,4
3891,6,4
3892,7,4
3893,8,4
3894,9,4
3895,10,4
3896,11,4
3897,12,4
3898,13,4
3899,14,4
3900,15,4
3901,1,5
3902,2,5
3903,3,5
3904,4,5
3905,5,5
3906,6,5
3907,7,5
3908,8,5
3909,9,5
3910,10,5
3911,11,5
3912,12,5
3913,13,5
3914,14,5
3915,15,5
3916,1,6
3917,2,6
3918,3,6
3919,4,6
3920,5,6
3921,6,6
3922,7,6
3923,8,6
3924,9,6
3925,10,6
3926,11,6
3927,12,6
3928,13,6
3929,14,6
3930,15,6
3931,1,7
3932,2,7
3933,3,7
3934,4,7
3935,5,7
3936,6,7
3937,7,7
3938,8,7
3939,9,7
3940,10,7
3941,11,7
3942,12,7
3943,13,7
3944,14,7
3945,15,7
3946,1,8
3947,2,8
3948,3,8
3949,4,8
3950,5,8
3951,6,8
3952,7,8
3953,8,8
3954,9,8
3955,10,8
3956,11,8
3957,12,8
3958,13,8
3959,14,8
3960,15,8
3961,1,1
3962,2,1
3963,3,1
3964,4,1
3965,5,1
3966,6,1
3967,7,1
3968,8,1
3969,9,1
3970,10,1
3971,11,1
3972,12,1
3973,13,1
3974,14,1
3975,15,1
3976,1,2
3977,2,2
3978,3,2
3979,4,2
3980,5,2
3981,6,2
3982,7,2
3983,8,2
3984,9,2
3985,10,2
3986,11,2
3987,12,2
3988,13,2
3989,14,2
3990,15,2
3991,1,3
3992,2,3
3993,3,3
3994,4,3
3995,5,3
3996,6,3
3997,7,3
3998,8,3
3999,9,3
4000,10,3
4001,11,3
4002,12,3
4003,13,3
4004,14,3
4005,15,3
4006,1,4
4007,2,4
4008,3,4
4009,4,4
4010,5,4
4011,6,4
4012,7,4
4013,8,4
4014,9,4
4015,10,4
4016,11,4
4017,12,4
4018,13,4
4019,14,4
4020,15,4
4021,1,5
4022,2,5
4023,3,5
4024,4,5
4025,5,5
4026,6,5
4027,7,5
4028,8,5
4029,9,5
4030,10,5
4031,11,5
4032,12,5
4033,13,5
4034,14,5
4035,15,5
4036,1,6
4037,2,6
4038,3,6
4039,4,6
4040,5,6
4041,6,6
4042,7,6
4043,8,6
4044,9,6
4045,10,6
4046,11,6
4047,12,6
4048,13,6
4049,14,6
4050,15,6
4051,1,7
4052,2,7
4053,3,7
4054,4,7
4055,5,7
4056,6,7
4057,7,7
4058,8,7
4059,9,7
4060,10,7
4061,11,7
4062,12,7
4063,13,7
4064,14,7
4065,15,7
4066,1,8
4067,2,8
4068,3,8
4069,4,8
4070,5,8
4071,6,8
4072,7,8
4073,8,8
4074,9,8
4075,10,8
4076,11,8
4077,12,8
4078,13,8
4079,14,8
4080,15,8
4081,1,1
4082,2,1
4083,3,1
4084,4,1
4085,5,1
4086,6,1
4087,7,1
4088,8,1
4089,9,1
4090,10,1
4091,11,1
4092,12,1
4093,13,1
4094,14,1
4095,15,1
4096,1,2
4097,2,2
4098,3,2
4099,4,2
4100,5,2
4101,6,2
4102,7,2
4103,8,2
4104,9,2
4105,10,2
4106,11,2
4107,12,2
4108,13,2
4109,14,2
4110,15,2
4111,1,3
4112,2,3
4113,3,3
4114,4,3
4115,5,3
4116,6,3
4117,7,3
4118,8,3
4119,9,3
4120,10,3
4121,11,3
4122,12,3
4123,13,3
4124,14,3
4125,15,3
4126,1,4
4127,2,4
4128,3,4
4129,4,4
4130,5,4
4131,6,4
4132,7,4
4133,8,4
4134,9,4
4135,10,4
4136,11,4
4137,12,4
4138,13,4
4139,14,4
4140,15,4
4141,1,5
4142,2,5
4143,3,5
4144,4,5
4145,5,5
4146,6,5
4147,7,5
4148,8,5
4149,9,5
4150,10,5
4151,11,5
4152,12,5
4153,13,5
4154,14,5
4155,15,5
4156,1,6
4157,2,6
4158,3,6
4159,4,6
4160,5,6
4161,6,6
4162,7,6
4163,8,6
4164,9,6
4165,10,6
4166,11,6
4167,12,6
4168,13,6
4169,14,6
4170,15,6
4171,1,7
4172,2,7
4173,3,7
4174,4,7
4175,5,7
4176,6,7
4177,7,7
4178,8,7
4179,9,7
4180,10,7
4181,11,7
4182,12,7
4183,13,7
4184,14,7
4185,15,7
4186,1,8
4187,2,8
4188,3,8
4189,4,8
4190,5,8
4191,6,8
4192,7,8
4193,8,8
4194,9,8
4195,10,8
4196,11,8
4197,12,8
4198,13,8
4199,14,8
4200,15,8
4201,1,1
4202,2,1
4203,3,1
4204,4,1
4205,5,1
4206,6,1
4207,7,1
4208,8,1
4209,9,1
4210,10,1
4211,11,1
4212,12,1
4213,13,1
4214,14,1
4215,15,1
4216,1,2
4217,2,2
4218,3,2
4219,4,2
4220,5,2
4221,6,2
4222,7,2
4223,8,2
4224,9,2
4225,10,2
4226,11,2
4227,12,2
4228,13,2
4229,14,2
4230,15,2
4231,1,3
4232,2,3
4233,3,3
4234,4,3
4235,5,3
4236,6,3
4237,7,3
4238,8,3
4239,9,3
4240,10,3
4241,11,3
4242,12,3
4243,13,3
4244,14,3
4245,15,3
4246,1,4
4247,2,4
4248,3,4
4249,4,4
4250,5,4
4251,6,4
4252,7,4
4253,8,4
4254,9,4
4255,10,4
4256,11,4
4257,12,4
4258,13,4
4259,14,4
4260,15,4
4261,1,5
4262,2,5
4263,3,5
4264,4,5
4265,5,5
4266,6,5
4267,7,5
4268,8,5
4269,9,5
4270,10,5
4271,11,5
4272,12,5
4273,13,5
4274,14,5
4275,15,5
4276,1,6
4277,2,6
4278,3,6
4279,4,6
4280,5,6
4281,6,6
4282,7,6
4283,8,6
4284,9,6
4285,10,6
4286,11,6
4287,12,6
4288,13,6
4289,14,6
4290,15,6
4291,1,7
4292,2,7
4293,3,7
4294,4,7
4295,5,7
4296,6,7
4297,7,7
4298,8,7
4299,9,7
4300,10,7
4301,11,7
4302,12,7
4303,13,7
4304,14,7
4305,15,7
4306,1,8
4307,2,8
4308,3,8
4309,4,8
4310,5,8
4311,6,8
4312,7,8
4313,8,8
4314,9,8
4315,10,8
4316,11,8
4317,12,8
4318,13,8
4319,14,8
4320,15,8
4321,1,1
4322,2,1
4323,3,1
4324,4,1
4325,5,1
4326,6,1
4327,7,1
4328,8,1
4329,9,1
4330,10,1
4331,11,1
4332,12,1
4333,13,1
4334,14,1
4335,15,1
4336,1,2
4337,2,2
4338,3,2
4339,4,2
4340,5,2
4341,6,2
4342,7,2
4343,8,2
4344,9,2
4345,10,2
4346,11,2
4347,12,2
4348,13,2
4349,14,2
4350,15,2
4351,1,3
4352,2,3
4353,3,3
4354,4,3
4355,5,3
4356,6,3
4357,7,3
4358,8,3
4359,9,3
4360,10,3
4361,11,3
4362,12,3
4363,13,3
4364,14,3
4365,15,3
4366,1,4
4367,2,4
4368,3,4
4369,4,4
4370,5,4
4371,6,4
4372,7,4
4373,8,4
4374,9,4
4375,10,4
4376,11,4
4377,12,4
4378,13,4
4379,14,4
4380,15,4
4381,1,5
4382,2,5
4383,3,5
4384,4,5
4385,5,5
4386,6,5
4387,7,5
4388,8,5
4389,9,5
4390,10,5
4391,11,5
4392,12,5
4393,13,5
4394,14,5
4395,15,5
4396,1,6
4397,2,6
4398,3,6
4399,4,6
4400,5,6
4401,6,6
4402,7,6
4403,8,6
4404,9,6
4405,10,6
4406,11,6
4407,12,6
4408,13,6
4409,14,6
4410,15,6
4411,1,7
4412,2,7
4413,3,7
4414,4,7
4415,5,7
4416,6,7
4417,7,7
4418,8,7
4419,9,7
4420,10,7
4421,11,7
4422,12,7
4423,13,7
4424,14,7
4425,15,7
4426,1,8
4427,2,8
4428,3,8
4429,4,8
4430,5,8
4431,6,8
4432,7,8
4433,8,8
4434,9,8
4435,10,8
4436,11,8
4437,12,8
4438,13,8
4439,14,8
4440,15,8
4441,1,1
4442,2,1
4443,3,1
4444,4,1
4445,5,1
4446,6,1
4447,7,1
4448,8,1
4449,9,1
4450,10,1
4451,11,1
4452,12,1
4453,13,1
4454,14,1
4455,15,1
4456,1,2
4457,2,2
4458,3,2
4459,4,2
4460,5,2
4461,6,2
4462,7,2
4463,8,2
4464,9,2
4465,10,2
4466,11,2
4467,12,2
4468,13,2
4469,14,2
4470,15,2
4471,1,3
4472,2,3
4473,3,3
4474,4,3
4475,5,3
4476,6,3
4477,7,3
4478,8,3
4479,9,3
4480,10,3
4481,11,3
4482,12,3
4483,13,3
4484,14,3
4485,15,3
4486,1,4
4487,2,4
4488,3,4
4489,4,4
4490,5,4
4491,6,4
4492,7,4
4493,8,4
4494,9,4
4495,10,4
4496,11,4
4497,12,4
4498,13,4
4499,14,4
4500,15,4
4501,1,5
4502,2,5
4503,3,5
4504,4,5
4505,5,5
4506,6,5
4507,7,5
4508,8,5
4509,9,5
4510,10,5
4511,11,5
4512,12,5
4513,13,5
4514,14,5
4515,15,5
4516,1,6
4517,2,6
4518,3,6
4519,4,6
4520,5,6
4521,6,6
4522,7,6
4523,8,6
4524,9,6
4525,10,6
4526,11,6
4527,12,6
4528,13,6
4529,14,6
4530,15,6
4531,1,7
4532,2,7
4533,3,7
4534,4,7
4535,5,7
4536,6,7
4537,7,7
4538,8,7
4539,9,7
4540,10,7
4541,11,7
4542,12,7
4543,13,7
4544,14,7
4545,15,7
4546,1,8
4547,2,8
4548,3,8
4549,4,8
4550,5,8
4551,6,8
4552,7,8
4553,8,8
4554,9,8
4555,10,8
4556,11,8
4557,12,8
4558,13,8
4559,14,8
4560,15,8
4561,1,1
4562,2,1
4563,3,1
4564,4,1
4565,5,1
4566,6,1
4567,7,1
4568,8,1
4569,9,1
4570,10,1
4571,11,1
4572,12,1
4573,13,1
4574,14,1
4575,15,1
4576,1,2
4577,2,2
4578,3,2
4579,4,2
4580,5,2
4581,6,2
4582,7,2
4583,8,2
4584,9,2
4585,10,2
4586,11,2
4587,12,2
4588,13,2
4589,14,2
4590,15,2
4591,1,3
4592,2,3
4593,3,3
4594,4,3
4595,5,3
4596,6,3
4597,7,3
4598,8,3
4599,9,3
4600,10,3
4601,11,3
4602,12,3
4603,13,3
4604,14,3
4605,15,3
4606,1,4
4607,2,4
4608,3,4
4609,4,4
4610,5,4
4611,6,4
4612,7,4
4613,8,4
4614,9,4
4615,10,4
4616,11,4
4617,12,4
4618,13,4
4619,14,4
4620,15,4
4621,1,5
4622,2,5
4623,3,5
4624,4,5
4625,5,5
4626,6,5
4627,7,5
4628,8,5
4629,9,5
4630,10,5
4631,11,5
4632,12,5
4633,13,5
4634,14,5
4635,15,5
4636,1,6
4637,2,6
4638,3,6
4639,4,6
4640,5,6
4641,6,6
4642,7,6
4643,8,6
4644,9,6
4645,10,6
4646,11,6
4647,12,6
4648,13,6
4649,14,6
4650,15,6
4651,1,7
4652,2,7
4653,3,7
4654,4,7
4655,5,7
4656,6,7
4657,7,7
4658,8,7
4659,9,7
4660,10,7
4661,11,7
4662,12,7
4663,13,7
4664,14,7
4665,15,7
4666,1,8
4667,2,8
4668,3,8
4669,4,8
4670,5,8
4671,6,8
4672,7,8
4673,8,8
4674,9,8
4675,10,8
4676,11,8
4677,12,8
4678,13,8
4679,14,8
4680,15,8
4681,1,1
4682,2,1
4683,3,1
4684,4,1
4685,5,1
4686,6,1
4687,7,1
4688,8,1
4689,9,1
4690,10,1
4691,11,1
4692,12,1
4693,13,1
4694,14,1
4695,15,1
4696,1,2
4697,2,2
4698,3,2
4699,4,2
4700,5,2
4701,6,2
4702,7,2
4703,8,2
4704,9,2
4705,10,2
4706,11,2
4707,12,2
4708,13,2
4709,14,2
4710,15,2
4711,1,3
4712,2,3
4713,3,3
4714,4,3
4715,5,3
4716,6,3
4717,7,3
4718,8,3
4719,9,3
4720,10,3
4721,11,3
4722,12,3
4723,13,3
4724,14,3
4725,15,3
4726,1,4
4727,2,4
4728,3,4
4729,4,4
4730,5,4
4731,6,4
4732,7,4
4733,8,4
4734,9,4
4735,10,4
4736,11,4
4737,12,4
4738,13,4
4739,14,4
4740,15,4
4741,1,5
4742,2,5
4743,3,5
4744,4,5
4745,5,5
4746,6,5
4747,7,5
4748,8,5
4749,9,5
4750,10,5
4751,11,5
4752,12,5
4753,13,5
4754,14,5
4755,15,5
4756,1,6
4757,2,6
4758,3,6
4759,4,6
4760,5,6
4761,6,6
4762,7,6
4763,8,6
4764,9,6
4765,10,6
4766,11,6
4767,12,6
4768,13,6
4769,14,6
4770,15,6
4771,1,7
4772,2,7
4773,3,7
4774,4,7
4775,5,7
4776,6,7
4777,7,7
4778,8,7
4779,9,7
4780,10,7
4781,11,7
4782,12,7
4783,13,7
4784,14,7
4785,15,7
4786,1,8
4787,2,8
4788,3,8
4789,4,8
4790,5,8
4791,6,8
4792,7,8
4793,8,8
4794,9,8
4795,10,8
4796,11,8
4797,12,8
4798,13,8
4799,14,8
4800,15,8
4801,1,1
4802,2,1
4803,3,1
4804,4,1
4805,5,1
4806,6,1
4807,7,1
4808,8,1
4809,9,1
4810,10,1
4811,11,1
4812,12,1
4813,13,1
4814,14,1
4815,15,1
4816,1,2
4817,2,2
4818,3,2
4819,4,2
4820,5,2
4821,6,2
4822,7,2
4823,8,2
4824,9,2
4825,10,2
4826,11,2
4827,12,2
4828,13,2
4829,14,2
4830,15,2
4831,1,3
4832,2,3
4833,3,3
4834,4,3
4835,5,3
4836,6,3
4837,7,3
4838,8,3
4839,9,3
4840,10,3
4841,11,3
4842,12,3
4843,13,3
4844,14,3
4845,15,3
4846,1,4
4847,2,4
4848,3,4
4849,4,4
4850,5,4
4851,6,4
4852,7,4
4853,8,4
4854,9,4
4855,10,4
4856,11,4
4857,12,4
4858,13,4
4859,14,4
4860,15,4
4861,1,5
4862,2,5
4863,3,5
4864,4,5
4865,5,5
4866,6,5
4867,7,5
4868,8,5
4869,9,5
4870,10,5
4871,11,5
4872,12,5
4873,13,5
4874,14,5
4875,15,5
4876,1,6
4877,2,6
4878,3,6
4879,4,6
4880,5,6
4881,6,6
4882,7,6
4883,8,6
4884,9,6
4885,10,6
4886,11,6
4887,12,6
4888,13,6
4889,14,6
4890,15,6
4891,1,7
4892,2,7
4893,3,7
4894,4,7
4895,5,7
4896,6,7
4897,7,7
4898,8,7
4899,9,7
4900,10,7
4901,11,7
4902,12,7
4903,13,7
4904,14,7
4905,15,7
4906,1,8
4907,2,8
4908,3,8
4909,4,8
4910,5,8
4911,6,8
4912,7,8
4913,8,8
4914,9,8
4915,10,8
4916,11,8
4917,12,8
4918,13,8
4919,14,8
4920,15,8
4921,1,1
4922,2,1
4923,3,1
4924,4,1
4925,5,1
4926,6,1
4927,7,1
4928,8,1
4929,9,1
4930,10,1
4931,11,1
4932,12,1
4933,13,1
4934,14,1
4935,15,1
4936,1,2
4937,2,2
4938,3,2
4939,4,2
4940,5,2
4941,6,2
4942,7,2
4943,8,2
4944,9,2
4945,10,2
4946,11,2
4947,12,2
4948,13,2
4949,14,2
4950,15,2
4951,1,3
4952,2,3
4953,3,3
4954,4,3
4955,5,3
4956,6,3
4957,7,3
4958,8,3
4959,9,3
4960,10,3
4961,11,3
4962,12,3
4963,13,3
4964,14,3
4965,15,3
4966,1,4
4967,2,4
4968,3,4
4969,4,4
4970,5,4
4971,6,4
4972,7,4
4973,8,4
4974,9,4
4975,10,4
4976,11,4
4977,12,4
4978,13,4
4979,14,4
4980,15,4
4981,1,5
4982,2,5
4983,3,5
4984,4,5
4985,5,5
4986,6,5
4987,7,5
4988,8,5
4989,9,5
4990,10,5
4991,11,5
4992,12,5
4993,13,5
4994,14,5
4995,15,5
4996,1,6
4997,2,6
4998,3,6
4999,4,6
5000,5,6
5001,6,6
5002,7,6
5003,8,6
5004,9,6
5005,10,6
5006,11,6
5007,12,6
5008,13,6
5009,14,6
5010,15,6
5011,1,7
5012,2,7
5013,3,7
5014,4,7
5015,5,7
5016,6,7
5017,7,7
5018,8,7
5019,9,7
5020,10,7
5021,11,7
5022,12,7
5023,13,7
5024,14,7
5025,15,7
5026,1,8
5027,2,8
5028,3,8
5029,4,8
5030,5,8
5031,6,8
5032,7,8
5033,8,8
5034,9,8
5035,10,8
5036,11,8
5037,12,8
5038,13,8
5039,14,8
5040,15,8
5041,1,1
5042,2,1
5043,3,1
5044,4,1
5045,5,1
5046,6,1
5047,7,1
5048,8,1
5049,9,1
5050,10,1
5051,11,1
5052,12,1
5053,13,1
5054,14,1
5055,15,1
5056,1,2
5057,2,2
5058,3,2
5059,4,2
5060,5,2
5061,6,2
5062,7,2
5063,8,2
5064,9,2
5065,10,2
5066,11,2
5067,12,2
5068,13,2
5069,14,2
5070,15,2
5071,1,3
5072,2,3
5073,3,3
5074,4,3
5075,5,3
5076,6,3
5077,7,3
5078,8,3
5079,9,3
5080,10,3
5081,11,3
5082,12,3
5083,13,3
5084,14,3
5085,15,3
5086,1,4
5087,2,4
5088,3,4
5089,4,4
5090,5,4
5091,6,4
5092,7,4
5093,8,4
5094,9,4
5095,10,4
5096,11,4
5097,12,4
5098,13,4
5099,14,4
5100,15,4
5101,1,5
5102,2,5
5103,3,5
5104,4,5
5105,5,5
5106,6,5
5107,7,5
5108,8,5
5109,9,5
5110,10,5
5111,11,5
5112,12,5
5113,13,5
5114,14,5
5115,15,5
5116,1,6
5117,2,6
5118,3,6
5119,4,6
5120,5,6
5121,6,6
5122,7,6
5123,8,6
5124,9,6
5125,10,6
5126,11,6
5127,12,6
5128,13,6
5129,14,6
5130,15,6
5131,1,7
5132,2,7
5133,3,7
5134,4,7
5135,5,7
5136,6,7
5137,7,7
5138,8,7
5139,9,7
5140,10,7
5141,11,7
5142,12,7
5143,13,7
5144,14,7
5145,15,7
5146,1,8
5147,2,8
5148,3,8
5149,4,8
5150,5,8
5151,6,8
5152,7,8
5153,8,8
5154,9,8
5155,10,8
5156,11,8
5157,12,8
5158,13,8
5159,14,8
5160,15,8
5161,1,1
5162,2,1
5163,3,1
5164,4,1
5165,5,1
5166,6,1
5167,7,1
5168,8,1
5169,9,1
5170,10,1
5171,11,1
5172,12,1
5173,13,1
5174,14,1
5175,15,1
5176,1,2
5177,2,2
5178,3,2
5179,4,2
5180,5,2
5181,6,2
5182,7,2
5183,8,2
5184,9,2
5185,10,2
5186,11,2
5187,12,2
5188,13,2
5189,14,2
5190,15,2
5191,1,3
5192,2,3
5193,3,3
5194,4,3
5195,5,3
5196,6,3
5197,7,3
5198,8,3
5199,9,3
5200,10,3
5201,11,3
5202,12,3
5203,13,3
5204,14,3
5205,15,3
5206,1,4
5207,2,4
5208,3,4
5209,4,4
5210,5,4
5211,6,4
5212,7,4
5213,8,4
5214,9,4
5215,10,4
5216,11,4
5217,12,4
5218,13,4
5219,14,4
5220,15,4
5221,1,5
5222,2,5
5223,3,5
5224,4,5
5225,5,5
5226,6,5
5227,7,5
5228,8,5
5229,9,5
5230,10,5
5231,11,5
5232,12,5
5233,13,5
5234,14,5
5235,15,5
5236,1,6
5237,2,6
5238,3,6
5239,4,6
5240,5,6
5241,6,6
5242,7,6
5243,8,6
5244,9,6
5245,10,6
5246,11,6
5247,12,6
5248,13,6
5249,14,6
5250,15,6
5251,1,7
5252,2,7
5253,3,7
5254,4,7
5255,5,7
5256,6,7
5257,7,7
5258,8,7
5259,9,7
5260,10,7
5261,11,7
5262,12,7
5263,13,7
5264,14,7
5265,15,7
5266,1,8
5267,2,8
5268,3,8
5269,4,8
5270,5,8
5271,6,8
5272,7,8
5273,8,8
5274,9,8
5275,10,8
5276,11,8
5277,12,8
5278,13,8
5279,14,8
5280,15,8
5281,1,1
5282,2,1
5283,3,1
5284,4,1
5285,5,1
5286,6,1
5287,7,1
5288,8,1
5289,9,1
5290,10,1
5291,11,1
5292,12,1
5293,13,1
5294,14,1
5295,15,1
5296,1,2
5297,2,2
5298,3,2
5299,4,2
5300,5,2
5301,6,2
5302,7,2
5303,8,2
5304,9,2
5305,10,2
5306,11,2
5307,12,2
5308,13,2
5309,14,2
5310,15,2
5311,1,3
5312,2,3
5313,3,3
5314,4,3
5315,5,3
5316,6,3
5317,7,3
5318,8,3
5319,9,3
5320,10,3
5321,11,3
5322,12,3
5323,13,3
5324,14,3
5325,15,3
5326,1,4
5327,2,4
5328,3,4
5329,4,4
5330,5,4
5331,6,4
5332,7,4
5333,8,4
5334,9,4
5335,10,4
5336,11,4
5337,12,4
5338,13,4
5339,14,4
5340,15,4
5341,1,5
5342,2,5
5343,3,5
5344,4,5
5345,5,5
5346,6,5
5347,7,5
5348,8,5
5349,9,5
5350,10,5
5351,11,5
5352,12,5
5353,13,5
5354,14,5
5355,15,5
5356,1,6
5357,2,6
5358,3,6
5359,4,6
5360,5,6
5361,6,6
5362,7,6
5363,8,6
5364,9,6
5365,10,6
5366,11,6
5367,12,6
5368,13,6
5369,14,6
5370,15,6
5371,1,7
5372,2,7
5373,3,7
5374,4,7
5375,5,7
5376,6,7
5377,7,7
5378,8,7
5379,9,7
5380,10,7
5381,11,7
5382,12,7
5383,13,7
5384,14,7
5385,15,7
5386,1,8
5387,2,8
5388,3,8
5389,4,8
5390,5,8
5391,6,8
5392,7,8
5393,8,8
5394,9,8
5395,10,8
5396,11,8
5397,12,8
5398,13,8
5399,14,8
5400,15,8
5401,1,1
5402,2,1
5403,3,1
5404,4,1
5405,5,1
5406,6,1
5407,7,1
5408,8,1
5409,9,1
5410,10,1
5411,11,1
5412,12,1
5413,13,1
5414,14,1
5415,15,1
5416,1,2
5417,2,2
5418,3,2
5419,4,2
5420,5,2
5421,6,2
5422,7,2
5423,8,2
5424,9,2
5425,10,2
5426,11,2
5427,12,2
5428,13,2
5429,14,2
5430,15,2
5431,1,3
5432,2,3
5433,3,3
5434,4,3
5435,5,3
5436,6,3
5437,7,3
5438,8,3
5439,9,3
5440,10,3
5441,11,3
5442,12,3
5443,13,3
5444,14,3
5445,15,3
5446,1,4
5447,2,4
5448,3,4
5449,4,4
5450,5,4
5451,6,4
5452,7,4
5453,8,4
5454,9,4
5455,10,4
5456,11,4
5457,12,4
5458,13,4
5459,14,4
5460,15,4
5461,1,5
5462,2,5
5463,3,5
5464,4,5
5465,5,5
5466,6,5
5467,7,5
5468,8,5
5469,9,5
5470,10,5
5471,11,5
5472,12,5
5473,13,5
5474,14,5
5475,15,5
5476,1,6
5477,2,6
5478,3,6
5479,4,6
5480,5,6
5481,6,6
5482,7,6
5483,8,6
5484,9,6
5485,10,6
5486,11,6
5487,12,6
5488,13,6
5489,14,6
5490,15,6
5491,1,7
5492,2,7
5493,3,7
5494,4,7
5495,5,7
5496,6,7
5497,7,7
5498,8,7
5499,9,7
5500,10,7
5501,11,7
5502,12,7
5503,13,7
5504,14,7
5505,15,7
5506,1,8
5507,2,8
5508,3,8
5509,4,8
5510,5,8
5511,6,8
5512,7,8
5513,8,8
5514,9,8
5515,10,8
5516,11,8
5517,12,8
5518,13,8
5519,14,8
5520,15,8
5521,1,1
5522,2,1
5523,3,1
5524,4,1
5525,5,1
5526,6,1
5527,7,1
5528,8,1
5529,9,1
5530,10,1
5531,11,1
5532,12,1
5533,13,1
5534,14,1
5535,15,1
5536,1,2
5537,2,2
5538,3,2
5539,4,2
5540,5,2
5541,6,2
5542,7,2
5543,8,2
5544,9,2
5545,10,2
5546,11,2
5547,12,2
5548,13,2
5549,14,2
5550,15,2
5551,1,3
5552,2,3
5553,3,3
5554,4,3
5555,5,3
5556,6,3
5557,7,3
5558,8,3
5559,9,3
5560,10,3
5561,11,3
5562,12,3
5563,13,3
5564,14,3
5565,15,3
5566,1,4
5567,2,4
5568,3,4
5569,4,4
5570,5,4
5571,6,4
5572,7,4
5573,8,4
5574,9,4
5575,10,4
5576,11,4
5577,12,4
5578,13,4
5579,14,4
5580,15,4
5581,1,5
5582,2,5
5583,3,5
5584,4,5
5585,5,5
5586,6,5
5587,7,5
5588,8,5
5589,9,5
5590,10,5
5591,11,5
5592,12,5
5593,13,5
5594,14,5
5595,15,5
5596,1,6
5597,2,6
5598,3,6
5599,4,6
5600,5,6
5601,6,6
5602,7,6
5603,8,6
5604,9,6
5605,10,6
5606,11,6
5607,12,6
5608,13,6
5609,14,6
5610,15,6
5611,1,7
5612,2,7
5613,3,7
5614,4,7
5615,5,7
5616,6,7
5617,7,7
5618,8,7
5619,9,7
5620,10,7
5621,11,7
5622,12,7
5623,13,7
5624,14,7
5625,15,7
5626,1,8
5627,2,8
5628,3,8
5629,4,8
5630,5,8
5631,6,8
5632,7,8
5633,8,8
5634,9,8
5635,10,8
5636,11,8
5637,12,8
5638,13,8
5639,14,8
5640,15,8
5641,1,1
5642,2,1
5643,3,1
5644,4,1
5645,5,1
5646,6,1
5647,7,1
5648,8,1
5649,9,1
5650,10,1
5651,11,1
5652,12,1
5653,13,1
5654,14,1
5655,15,1
5656,1,2
5657,2,2
5658,3,2
5659,4,2
5660,5,2
5661,6,2
5662,7,2
5663,8,2
5664,9,2
5665,10,2
5666,11,2
5667,12,2
5668,13,2
5669,14,2
5670,15,2
5671,1,3
5672,2,3
5673,3,3
5674,4,3
5675,5,3
5676,6,3
5677,7,3
5678,8,3
5679,9,3
5680,10,3
5681,11,3
5682,12,3
5683,13,3
5684,14,3
5685,15,3
5686,1,4
5687,2,4
5688,3,4
5689,4,4
5690,5,4
5691,6,4
5692,7,4
5693,8,4
5694,9,4
5695,10,4
5696,11,4
5697,12,4
5698,13,4
5699,14,4
5700,15,4
5701,1,5
5702,2,5
5703,3,5
5704,4,5
5705,5,5
5706,6,5
5707,7,5
5708,8,5
5709,9,5
5710,10,5
5711,11,5
5712,12,5
5713,13,5
5714,14,5
5715,15,5
5716,1,6
5717,2,6
5718,3,6
5719,4,6
5720,5,6
5721,6,6
5722,7,6
5723,8,6
5724,9,6
5725,10,6
5726,11,6
5727,12,6
5728,13,6
5729,14,6
5730,15,6
5731,1,7
5732,2,7
5733,3,7
5734,4,7
5735,5,7
5736,6,7
5737,7,7
5738,8,7
5739,9,7
5740,10,7
5741,11,7
5742,12,7
5743,13,7
5744,14,7
5745,15,7
5746,1,8
5747,2,8
5748,3,8
5749,4,8
5750,5,8
5751,6,8
5752,7,8
5753,8,8
5754,9,8
5755,10,8
5756,11,8
5757,12,8
5758,13,8
5759,14,8
5760,15,8
5761,1,1
5762,2,1
5763,3,1
5764,4,1
5765,5,1
5766,6,1
5767,7,1
5768,8,1
5769,9,1
5770,10,1
5771,11,1
5772,12,1
5773,13,1
5774,14,1
5775,15,1
5776,1,2
5777,2,2
5778,3,2
5779,4,2
5780,5,2
5781,6,2
5782,7,2
5783,8,2
5784,9,2
5785,10,2
5786,11,2
5787,12,2
5788,13,2
5789,14,2
5790,15,2
5791,1,3
5792,2,3
5793,3,3
5794,4,3
5795,5,3
5796,6,3
5797,7,3
5798,8,3
5799,9,3
5800,10,3
5801,11,3
5802,12,3
5803,13,3
5804,14,3
5805,15,3
5806,1,4
5807,2,4
5808,3,4
5809,4,4
5810,5,4
5811,6,4
5812,7,4
5813,8,4
5814,9,4
5815,10,4
5816,11,4
5817,12,4
5818,13,4
5819,14,4
5820,15,4
5821,1,5
5822,2,5
5823,3,5
5824,4,5
5825,5,5
5826,6,5
5827,7,5
5828,8,5
5829,9,5
5830,10,5
5831,11,5
5832,12,5
5833,13,5
5834,14,5
5835,15,5
5836,1,6
5837,2,6
5838,3,6
5839,4,6
5840,5,6
5841,6,6
5842,7,6
5843,8,6
5844,9,6
5845,10,6
5846,11,6
5847,12,6
5848,13,6
5849,14,6
5850,15,6
5851,1,7
5852,2,7
5853,3,7
5854,4,7
5855,5,7
5856,6,7
5857,7,7
5858,8,7
5859,9,7
5860,10,7
5861,11,7
5862,12,7
5863,13,7
5864,14,7
5865,15,7
5866,1,8
5867,2,8
5868,3,8
5869,4,8
5870,5,8
5871,6,8
5872,7,8
5873,8,8
5874,9,8
5875,10,8
5876,11,8
5877,12,8
5878,13,8
5879,14,8
5880,15,8
5881,1,1
5882,2,1
5883,3,1
5884,4,1
5885,5,1
5886,6,1
5887,7,1
5888,8,1
5889,9,1
5890,10,1
5891,11,1
5892,12,1
5893,13,1
5894,14,1
5895,15,1
5896,1,2
5897,2,2
5898,3,2
5899,4,2
5900,5,2
5901,6,2
5902,7,2
5903,8,2
5904,9,2
5905,10,2
5906,11,2
5907,12,2
5908,13,2
5909,14,2
5910,15,2
5911,1,3
5912,2,3
5913,3,3
5914,4,3
5915,5,3
5916,6,3
5917,7,3
5918,8,3
5919,9,3
5920,10,3
5921,11,3
5922,12,3
5923,13,3
5924,14,3
5925,15,3
5926,1,4
5927,2,4
5928,3,4
5929,4,4
5930,5,4
5931,6,4
5932,7,4
5933,8,4
5934,9,4
5935,10,4
5936,11,4
5937,12,4
5938,13,4
5939,14,4
5940,15,4
5941,1,5
5942,2,5
5943,3,5
5944,4,5
5945,5,5
5946,6,5
5947,7,5
5948,8,5
5949,9,5
5950,10,5
5951,11,5
5952,12,5
5953,13,5
5954,14,5
5955,15,5
5956,1,6
5957,2,6
5958,3,6
5959,4,6
5960,5,6
5961,6,6
5962,7,6
5963,8,6
5964,9,6
5965,10,6
5966,11,6
5967,12,6
5968,13,6
5969,14,6
5970,15,6
5971,1,7
5972,2,7
5973,3,7
5974,4,7
5975,5,7
5976,6,7
5977,7,7
5978,8,7
5979,9,7
5980,10,7
5981,11,7
5982,12,7
5983,13,7
5984,14,7
5985,15,7
5986,1,8
5987,2,8
5988,3,8
5989,4,8
5990,5,8
5991,6,8
5992,7,8
5993,8,8
5994,9,8
5995,10,8
5996,11,8
5997,12,8
5998,13,8
5999,14,8
6000,15,8
6001,1,1
6002,2,1
6003,3,1
6004,4,1
6005,5,1
6006,6,1
6007,7,1
6008,8,1
6009,9,1
6010,10,1
6011,11,1
6012,12,1
6013,13,1
6014,14,1
6015,15,1
6016,1,2
6017,2,2
6018,3,2
6019,4,2
6020,5,2
6021,6,2
6022,7,2
6023,8,2
6024,9,2
6025,10,2
6026,11,2
6027,12,2
6028,13,2
6029,14,2
6030,15,2
6031,1,3
6032,2,3
6033,3,3
6034,4,3
6035,5,3
6036,6,3
6037,7,3
6038,8,3
6039,9,3
6040,10,3
6041,11,3
6042,12,3
6043,13,3
6044,14,3
6045,15,3
6046,1,4
6047,2,4
6048,3,4
6049,4,4
6050,5,4
6051,6,4
6052,7,4
6053,8,4
6054,9,4
6055,10,4
6056,11,4
6057,12,4
6058,13,4
6059,14,4
6060,15,4
6061,1,5
6062,2,5
6063,3,5
6064,4,5
6065,5,5
6066,6,5
6067,7,5
6068,8,5
6069,9,5
6070,10,5
6071,11,5
6072,12,5
6073,13,5
6074,14,5
6075,15,5
6076,1,6
6077,2,6
6078,3,6
6079,4,6
6080,5,6
6081,6,6
6082,7,6
6083,8,6
6084,9,6
6085,10,6
6086,11,6
6087,12,6
6088,13,6
6089,14,6
6090,15,6
6091,1,7
6092,2,7
6093,3,7
6094,4,7
6095,5,7
6096,6,7
6097,7,7
6098,8,7
6099,9,7
6100,10,7
6101,11,7
6102,12,7
6103,13,7
6104,14,7
6105,15,7
6106,1,8
6107,2,8
6108,3,8
6109,4,8
6110,5,8
6111,6,8
6112,7,8
6113,8,8
6114,9,8
6115,10,8
6116,11,8
6117,12,8
6118,13,8
6119,14,8
6120,15,8
6121,1,1
6122,2,1
6123,3,1
6124,4,1
6125,5,1
6126,6,1
6127,7,1
6128,8,1
6129,9,1
6130,10,1
6131,11,1
6132,12,1
6133,13,1
6134,14,1
6135,15,1
6136,1,2
6137,2,2
6138,3,2
6139,4,2
6140,5,2
6141,6,2
6142,7,2
6143,8,2
6144,9,2
6145,10,2
6146,11,2
6147,12,2
6148,13,2
6149,14,2
6150,15,2
6151,1,3
6152,2,3
6153,3,3
6154,4,3
6155,5,3
6156,6,3
6157,7,3
6158,8,3
6159,9,3
6160,10,3
6161,11,3
6162,12,3
6163,13,3
6164,14,3
6165,15,3
6166,1,4
6167,2,4
6168,3,4
6169,4,4
6170,5,4
6171,6,4
6172,7,4
6173,8,4
6174,9,4
6175,10,4
6176,11,4
6177,12,4
6178,13,4
6179,14,4
6180,15,4
6181,1,5
6182,2,5
6183,3,5
6184,4,5
6185,5,5
6186,6,5
6187,7,5
6188,8,5
6189,9,5
6190,10,5
6191,11,5
6192,12,5
6193,13,5
6194,14,5
6195,15,5
6196,1,6
6197,2,6
6198,3,6
6199,4,6
6200,5,6
6201,6,6
6202,7,6
6203,8,6
6204,9,6
6205,10,6
6206,11,6
6207,12,6
6208,13,6
6209,14,6
6210,15,6
6211,1,7
6212,2,7
6213,3,7
6214,4,7
6215,5,7
6216,6,7
6217,7,7
6218,8,7
6219,9,7
6220,10,7
6221,11,7
6222,12,7
6223,13,7
6224,14,7
6225,15,7
6226,1,8
6227,2,8
6228,3,8
6229,4,8
6230,5,8
6231,6,8
6232,7,8
6233,8,8
6234,9,8
6235,10,8
6236,11,8
6237,12,8
6238,13,8
6239,14,8
6240,15,8
